[
  {
    "model": "perfumeshop.perfume",
    "pk": 1,
    "fields": {
      "brand": "Yves Saint Laurent",
      "name": "Y",
      "type": "eau de parfum for men",
      "price": "421.30",
      "image": "https://cdn.notinoimg.com/list_2k//yves-saint-laurent/9005803473663_01-o__181025.jpg",
      "digital": false
    }
  },
  {
    "model": "perfumeshop.perfume",
    "pk": 2,
    "fields": {
      "brand": "Armani",
      "name": "Emporio Stronger With You Intensely",
      "type": "eau de parfum for men",
      "price": "289.10",
      "image": "https://cdn.notinoimg.com/list_2k//armani/3614272225718_01-o__190118.jpg",
      "digital": false
    }
  },
  {
    "model": "perfumeshop.perfume",
    "pk": 3,
    "fields": {
      "brand": "Versace",
      "name": "Eros",
      "type": "eau de toilette for men",
      "price": "199.00",
      "image": "https://cdn.notinoimg.com/list_2k//versace/8011003809219_02-o__130429.jpg",
      "digital": false
    }
  },
  {
    "model": "perfumeshop.perfume",
    "pk": 4,
    "fields": {
      "brand": "Versace",
      "name": "Pour Homme",
      "type": "eau de toilette for men",
      "price": "224.30",
      "image": "https://cdn.notinoimg.com/list_2k//versace/8011003995967-o__130123.jpg",
      "digital": false
    }
  },
  {
    "model": "perfumeshop.perfume",
    "pk": 6,
    "fields": {
      "brand": "Armani",
      "name": "Acqua di Giò Parfum",
      "type": "Perfume",
      "price": "332.60",
      "image": "https://cdn.notinoimg.com/list_2k//armani/3614273906470_01-o__230504.jpg",
      "digital": false
    }
  },
  {
    "model": "perfumeshop.perfume",
    "pk": 7,
    "fields": {
      "brand": "Jean Paul Gaultier",
      "name": "Scandal Pour Homme",
      "type": "eau de toilette for men",
      "price": "269.90",
      "image": "https://cdn.notinoimg.com/list_2k//jean-paul-gaultier/8435415030885_01-o__210720.jpg",
      "digital": false
    }
  },
  {
    "model": "perfumeshop.perfume",
    "pk": 13,
    "fields": {
      "brand": "Rabanne",
      "name": "Invictus",
      "type": "eau de toilette for men",
      "price": "93.60",
      "image": "https://cdn.notinoimg.com/list_2k//paco-rabanne/3349668515660_01-o__130905.jpg",
      "digital": false
    }
  },
  {
    "model": "perfumeshop.perfume",
    "pk": 19,
    "fields": {
      "brand": "Rabanne",
      "name": "1 Million Parfum",
      "type": "Perfume",
      "price": "302.90",
      "image": "https://cdn.notinoimg.com/list_2k//paco-rabanne/3349668579839_01-o__230202.jpg",
      "digital": false
    }
  },
  {
    "model": "perfumeshop.perfume",
    "pk": 26,
    "fields": {
      "brand": "Yves Saint Laurent",
      "name": "MYSLF",
      "type": "eau de parfum for men",
      "price": "354.20",
      "image": "https://cdn.notinoimg.com/list_2k//yves-saint-laurent/3614273852814_01-o__230726.jpg",
      "digital": false
    }
  },
  {
    "model": "perfumeshop.perfume",
    "pk": 30,
    "fields": {
      "brand": "Armani",
      "name": "Acqua di Giò Profondo",
      "type": "eau de parfum for men",
      "price": "410.00",
      "image": "https://cdn.notinoimg.com/list_2k//armani/3614272865235_01-o__200310.jpg",
      "digital": false
    }
  },
  {
    "model": "perfumeshop.perfume",
    "pk": 31,
    "fields": {
      "brand": "DIOR",
      "name": "Sauvage",
      "type": "eau de parfum for men",
      "price": "345.00",
      "image": "https://cdn.notinoimg.com/list_2k//dior/3348901368247_01__200828.jpg",
      "digital": false
    }
  },
  {
    "model": "perfumeshop.perfume",
    "pk": 33,
    "fields": {
      "brand": "Hugo Boss",
      "name": "BOSS The Scent Absolute",
      "type": "eau de parfum for men",
      "price": "246.00",
      "image": "https://cdn.notinoimg.com/list_2k//hugo-boss/3614228719056_01-o__190820.jpg",
      "digital": false
    }
  },
  {
    "model": "perfumeshop.perfume",
    "pk": 36,
    "fields": {
      "brand": "Jean Paul Gaultier",
      "name": "Le Male Le Parfum",
      "type": "eau de parfum for men",
      "price": "361.90",
      "image": "https://cdn.notinoimg.com/list_2k//jean-paul-gaultier/8435415032315_01-o__200617.jpg",
      "digital": false
    }
  },
  {
    "model": "perfumeshop.perfume",
    "pk": 37,
    "fields": {
      "brand": "Valentino",
      "name": "Born In Roma Intense Uomo",
      "type": "eau de parfum for men",
      "price": "399.40",
      "image": "https://cdn.notinoimg.com/list_2k//valentino/3614273790826_01-o__230213.jpg",
      "digital": false
    }
  },
  {
    "model": "perfumeshop.perfume",
    "pk": 38,
    "fields": {
      "brand": "Jean Paul Gaultier",
      "name": "Le Beau Le Parfum Intense",
      "type": "eau de parfum for men",
      "price": "453.00",
      "image": "https://cdn.notinoimg.com/list_2k//jean-paul-gaultier/8435415062190_01-o__220209.jpg",
      "digital": false
    }
  },
  {
    "model": "perfumeshop.perfume",
    "pk": 40,
    "fields": {
      "brand": "DIOR",
      "name": "Dior Homme Intense",
      "type": "eau de parfum for men",
      "price": "366.90",
      "image": "https://cdn.notinoimg.com/list_2k//dior/3348900838185xx_01__200828.jpg",
      "digital": false
    }
  },
  {
    "model": "perfumeshop.perfume",
    "pk": 41,
    "fields": {
      "brand": "Carolina Herrera",
      "name": "Bad Boy Le Parfum",
      "type": "eau de parfum for men",
      "price": "374.90",
      "image": "https://cdn.notinoimg.com/list_2k//carolina-herrera/8411061991886_01-o__220628.jpg",
      "digital": false
    }
  },
  {
    "model": "perfumeshop.perfume",
    "pk": 43,
    "fields": {
      "brand": "HERMÈS",
      "name": "Terre d’Hermès Eau Givrée",
      "type": "eau de parfum for men",
      "price": "334.80",
      "image": "https://cdn.notinoimg.com/list_2k//hermes/3346130012245_01__220521.jpg",
      "digital": false
    }
  },
  {
    "model": "perfumeshop.perfume",
    "pk": 45,
    "fields": {
      "brand": "Carolina Herrera",
      "name": "Bad Boy Cobalt",
      "type": "eau de parfum for men",
      "price": "535.50",
      "image": "https://cdn.notinoimg.com/list_2k//carolina-herrera/8411061027837_01-o__220228.jpg",
      "digital": false
    }
  },
  {
    "model": "perfumeshop.perfume",
    "pk": 52,
    "fields": {
      "brand": "Hugo Boss",
      "name": "BOSS The Scent Le Parfum",
      "type": "Perfume",
      "price": "296.90",
      "image": "https://cdn.notinoimg.com/list_2k//hugo-boss/3616302681082_01-o__220106.jpg",
      "digital": false
    }
  },
  {
    "model": "perfumeshop.perfume",
    "pk": 53,
    "fields": {
      "brand": "GIVENCHY",
      "name": "Gentleman Society",
      "type": "eau de parfum for men",
      "price": "488.00",
      "image": "https://cdn.notinoimg.com/list_2k//givenchy/3274872448780_01__230123.jpg",
      "digital": false
    }
  },
  {
    "model": "perfumeshop.perfume",
    "pk": 56,
    "fields": {
      "brand": "GUERLAIN",
      "name": "Vétiver",
      "type": "eau de toilette for men",
      "price": "363.70",
      "image": "https://cdn.notinoimg.com/list_2k//guerlain/3346470304864_01__220502.jpg",
      "digital": false
    }
  },
  {
    "model": "perfumeshop.perfume",
    "pk": 57,
    "fields": {
      "brand": "Dolce&Gabbana",
      "name": "The One for Men",
      "type": "eau de parfum for men",
      "price": "306.10",
      "image": "https://cdn.notinoimg.com/list_2k//dolce-gabbana/3423473021377_03-o__160119.jpg",
      "digital": false
    }
  },
  {
    "model": "perfumeshop.perfume",
    "pk": 58,
    "fields": {
      "brand": "Yves Saint Laurent",
      "name": "La Nuit de L'Homme",
      "type": "eau de parfum for men",
      "price": "431.10",
      "image": "https://cdn.notinoimg.com/list_2k//yves-saint-laurent/3614272648333_01-o__190821.jpg",
      "digital": false
    }
  },
  {
    "model": "perfumeshop.perfume",
    "pk": 64,
    "fields": {
      "brand": "Prada",
      "name": "Luna Rossa Carbon",
      "type": "eau de toilette for men",
      "price": "382.20",
      "image": "https://cdn.notinoimg.com/list_2k//prada/8435137759781_01x-o__170623.jpg",
      "digital": false
    }
  },
  {
    "model": "perfumeshop.perfume",
    "pk": 65,
    "fields": {
      "brand": "DIOR",
      "name": "Dior Homme Sport",
      "type": "eau de toilette for men",
      "price": "369.80",
      "image": "https://cdn.notinoimg.com/list_2k//dior/3348901580069_01__220121.jpg",
      "digital": false
    }
  },
  {
    "model": "perfumeshop.perfume",
    "pk": 76,
    "fields": {
      "brand": "Yves Saint Laurent",
      "name": "La Nuit de L'Homme Le Parfum",
      "type": "eau de parfum for men",
      "price": "398.80",
      "image": "https://cdn.notinoimg.com/list_2k//yves-saint-laurent/3365440621015_01-o__121210.jpg",
      "digital": false
    }
  },
  {
    "model": "perfumeshop.perfume",
    "pk": 79,
    "fields": {
      "brand": "Dolce&Gabbana",
      "name": "Pour Homme",
      "type": "eau de toilette for men",
      "price": "358.50",
      "image": "https://cdn.notinoimg.com/list_2k//dolce-gabbana/3423473020776_01-o__130510.jpg",
      "digital": false
    }
  },
  {
    "model": "perfumeshop.perfume",
    "pk": 80,
    "fields": {
      "brand": "GUERLAIN",
      "name": "L'Instant de Guerlain Pour Homme",
      "type": "eau de parfum for men",
      "price": "397.90",
      "image": "https://cdn.notinoimg.com/list_2k//guerlain/3346470304895_01__220502.jpg",
      "digital": false
    }
  },
  {
    "model": "perfumeshop.perfume",
    "pk": 85,
    "fields": {
      "brand": "Valentino",
      "name": "Born in Roma Green Stravaganza Uomo",
      "type": "eau de toilette for men",
      "price": "420.90",
      "image": "https://cdn.notinoimg.com/list_2k//valentino/3614274024807_01-o__240122.jpg",
      "digital": false
    }
  },
  {
    "model": "perfumeshop.perfume",
    "pk": 94,
    "fields": {
      "brand": "Prada",
      "name": "L'Homme Intense",
      "type": "eau de parfum for men",
      "price": "573.00",
      "image": "https://cdn.notinoimg.com/list_2k//prada/8435137764730_01y-o__180213.jpg",
      "digital": false
    }
  },
  {
    "model": "perfumeshop.perfume",
    "pk": 96,
    "fields": {
      "brand": "Yves Saint Laurent",
      "name": "La Nuit de L'Homme",
      "type": "eau de toilette for men",
      "price": "269.30",
      "image": "https://cdn.notinoimg.com/list_2k//yves-saint-laurent/3365440375079_01-o__130904.jpg",
      "digital": false
    }
  },
  {
    "model": "perfumeshop.perfume",
    "pk": 98,
    "fields": {
      "brand": "DIOR",
      "name": "Dior Homme Cologne",
      "type": "eau de cologne",
      "price": "409.80",
      "image": "https://cdn.notinoimg.com/list_2k//dior/3348901126359_01__220121.jpg",
      "digital": false
    }
  },
  {
    "model": "perfumeshop.perfume",
    "pk": 99,
    "fields": {
      "brand": "GIVENCHY",
      "name": "Gentleman Intense",
      "type": "eau de toilette for men",
      "price": "381.00",
      "image": "https://cdn.notinoimg.com/list_2k//givenchy/3274872423008_01__210623.jpg",
      "digital": false
    }
  },
  {
    "model": "perfumeshop.perfume",
    "pk": 101,
    "fields": {
      "brand": "Armani",
      "name": "Acqua di Giò Profondo Parfum",
      "type": "Perfume",
      "price": "456.00",
      "image": "https://cdn.notinoimg.com/list_2k//armani/3614273953696_01-o__240410.jpg",
      "digital": false
    }
  },
  {
    "model": "perfumeshop.perfume",
    "pk": 104,
    "fields": {
      "brand": "Viktor & Rolf",
      "name": "Spicebomb Extreme",
      "type": "eau de parfum for men",
      "price": "372.90",
      "image": "https://cdn.notinoimg.com/list_2k//viktor-rolf/3614270659652_01-o__150715.jpg",
      "digital": false
    }
  },
  {
    "model": "perfumeshop.perfume",
    "pk": 107,
    "fields": {
      "brand": "GIVENCHY",
      "name": "Gentleman Givenchy",
      "type": "eau de parfum for men",
      "price": "342.70",
      "image": "https://cdn.notinoimg.com/list_2k//givenchy/3274872368026_01__220711.jpg",
      "digital": false
    }
  },
  {
    "model": "perfumeshop.perfume",
    "pk": 114,
    "fields": {
      "brand": "Carolina Herrera",
      "name": "Bad Boy Cobalt Elixir",
      "type": "eau de parfum for men",
      "price": "123.30",
      "image": "https://cdn.notinoimg.com/list_2k//carolina-herrera/8411061083772_01-o__240202.jpg",
      "digital": false
    }
  },
  {
    "model": "perfumeshop.perfume",
    "pk": 115,
    "fields": {
      "brand": "Rabanne",
      "name": "Invictus Victory",
      "type": "eau de parfum for men",
      "price": "425.00",
      "image": "https://cdn.notinoimg.com/list_2k//paco-rabanne/3349668588732_01-o__210209.jpg",
      "digital": false
    }
  },
  {
    "model": "perfumeshop.perfume",
    "pk": 118,
    "fields": {
      "brand": "Armani",
      "name": "Acqua di Giò",
      "type": "eau de toilette for men",
      "price": "324.00",
      "image": "https://cdn.notinoimg.com/list_2k//armani/3614273955546_01-o__240306.jpg",
      "digital": false
    }
  },
  {
    "model": "perfumeshop.perfume",
    "pk": 128,
    "fields": {
      "brand": "Dolce&Gabbana",
      "name": "K by Dolce & Gabbana",
      "type": "eau de toilette for men",
      "price": "292.40",
      "image": "https://cdn.notinoimg.com/list_2k//dolce-gabbana/3423473049456_01__190819.jpg",
      "digital": false
    }
  },
  {
    "model": "perfumeshop.perfume",
    "pk": 131,
    "fields": {
      "brand": "Chanel",
      "name": "Allure Homme Sport",
      "type": "eau de toilette for men",
      "price": "458.00",
      "image": "https://cdn.notinoimg.com/list_2k//chanel/3145891236408_01-o__130307.jpg",
      "digital": false
    }
  },
  {
    "model": "perfumeshop.perfume",
    "pk": 134,
    "fields": {
      "brand": "Prada",
      "name": "Luna Rossa Ocean",
      "type": "eau de toilette for men",
      "price": "138.90",
      "image": "https://cdn.notinoimg.com/list_2k//prada/3614273556620_01-o__220419.jpg",
      "digital": false
    }
  },
  {
    "model": "perfumeshop.perfume",
    "pk": 158,
    "fields": {
      "brand": "Prada",
      "name": "L'Homme L'Eau",
      "type": "eau de toilette for men",
      "price": "369.00",
      "image": "https://cdn.notinoimg.com/list_2k//prada/8435137765362_01x-o__180605.jpg",
      "digital": false
    }
  },
  {
    "model": "perfumeshop.perfume",
    "pk": 164,
    "fields": {
      "brand": "Chanel",
      "name": "Bleu de Chanel",
      "type": "eau de parfum for men",
      "price": "546.00",
      "image": "https://cdn.notinoimg.com/list_2k//chanel/3145891073706_01-o__211007.jpg",
      "digital": false
    }
  },
  {
    "model": "perfumeshop.perfume",
    "pk": 202,
    "fields": {
      "brand": "Versace",
      "name": "Eros Flame",
      "type": "eau de parfum for men",
      "price": "212.50",
      "image": "https://cdn.notinoimg.com/list_2k//versace/8011003845354_01-o__190725.jpg",
      "digital": false
    }
  },
  {
    "model": "perfumeshop.detail",
    "pk": 1,
    "fields": {
      "perfume": 1,
      "top_notes": "Bergamot, Apple, Ginger, Elemi, Aldehydes",
      "middle_notes": "Juniper, Sage, Lavender, Geranium",
      "base_notes": "Vetiver, Olibanum, Tonka Beans, Amberwood",
      "fragrance_category": "spicy, woody"
    }
  },
  {
    "model": "perfumeshop.detail",
    "pk": 2,
    "fields": {
      "perfume": 2,
      "top_notes": "Pink Pepper, Juniper",
      "middle_notes": "Lavender, Cinnamon, Sage",
      "base_notes": "Vanilla, Tonka Beans, Chestnut Glacé",
      "fragrance_category": "oriental, spicy"
    }
  },
  {
    "model": "perfumeshop.detail",
    "pk": 3,
    "fields": {
      "perfume": 3,
      "top_notes": "Mint, Italian Lemon, Green Apple",
      "middle_notes": "Tonka Beans, Geranium, Ambroxan",
      "base_notes": "Vanilla, Vetiver, Cedar, Oakmoss",
      "fragrance_category": "aromatic"
    }
  },
  {
    "model": "perfumeshop.detail",
    "pk": 4,
    "fields": {
      "perfume": 4,
      "top_notes": "Bergamot, Lemon, Neroli, Bitter Orange",
      "middle_notes": "Hyacinth, Geranium, Clary Sage, Cedar Wood",
      "base_notes": "Amber, Musk, Tonka Beans, Oud",
      "fragrance_category": "aromatic"
    }
  },
  {
    "model": "perfumeshop.detail",
    "pk": 5,
    "fields": {
      "perfume": 6,
      "top_notes": "Bergamot",
      "middle_notes": "Rosemary, Geranium, Clary Sage",
      "base_notes": "Patchouli, Frankincense",
      "fragrance_category": "aromatic, aquatic, woody"
    }
  },
  {
    "model": "perfumeshop.detail",
    "pk": 6,
    "fields": {
      "perfume": 7,
      "top_notes": "Clary Sage",
      "middle_notes": "Caramel",
      "base_notes": "Vetiver",
      "fragrance_category": "spicy"
    }
  },
  {
    "model": "perfumeshop.detail",
    "pk": 7,
    "fields": {
      "perfume": 13,
      "top_notes": "Sea Notes, Grapefruit Peel",
      "middle_notes": "Laurel",
      "base_notes": "Guaiac Wood, Patchouli, Ambergris",
      "fragrance_category": "aquatic, woody"
    }
  },
  {
    "model": "perfumeshop.detail",
    "pk": 8,
    "fields": {
      "perfume": 19,
      "top_notes": "Peppermint, Grapefruit",
      "middle_notes": "Rose, Spices, Cinnamon",
      "base_notes": "weed Accord, Black Patchouli, Leather, Styrax",
      "fragrance_category": "leather, woody"
    }
  },
  {
    "model": "perfumeshop.detail",
    "pk": 9,
    "fields": {
      "perfume": 26,
      "top_notes": "Calabrian Bergamot",
      "middle_notes": "Orange Blossom",
      "base_notes": "Patchouli",
      "fragrance_category": "floral, woody"
    }
  },
  {
    "model": "perfumeshop.detail",
    "pk": 10,
    "fields": {
      "perfume": 30,
      "top_notes": "Green Mandarin, Bergamot",
      "middle_notes": "Rosemary, Lavender, Cypress",
      "base_notes": "Amber, Patchouli, Musk",
      "fragrance_category": "aromatic"
    }
  },
  {
    "model": "perfumeshop.detail",
    "pk": 11,
    "fields": {
      "perfume": 31,
      "top_notes": "Bergamot",
      "middle_notes": "Vanilla",
      "base_notes": "Vanilla",
      "fragrance_category": "aromatic, fougère"
    }
  },
  {
    "model": "perfumeshop.detail",
    "pk": 12,
    "fields": {
      "perfume": 33,
      "top_notes": "Ginger",
      "middle_notes": "Maninka",
      "base_notes": "Vetiver",
      "fragrance_category": "oriental, spicy"
    }
  },
  {
    "model": "perfumeshop.detail",
    "pk": 13,
    "fields": {
      "perfume": 36,
      "top_notes": "Cardamom",
      "middle_notes": "Lavender, Iris",
      "base_notes": "Vanilla",
      "fragrance_category": "oriental, woody"
    }
  },
  {
    "model": "perfumeshop.detail",
    "pk": 14,
    "fields": {
      "perfume": 37,
      "top_notes": "Bourbon Vanilla",
      "middle_notes": "Lavender",
      "base_notes": "Vetiver",
      "fragrance_category": "aromatic, floral"
    }
  },
  {
    "model": "perfumeshop.detail",
    "pk": 15,
    "fields": {
      "perfume": 38,
      "top_notes": "Bergamot",
      "middle_notes": "Coconut",
      "base_notes": "Tonka Beans",
      "fragrance_category": "aromatic, woody"
    }
  },
  {
    "model": "perfumeshop.detail",
    "pk": 16,
    "fields": {
      "perfume": 40,
      "top_notes": "Iris",
      "middle_notes": "ambrette (musk mallow)",
      "base_notes": "Virginia Cedar",
      "fragrance_category": "floral, woody"
    }
  },
  {
    "model": "perfumeshop.detail",
    "pk": 17,
    "fields": {
      "perfume": 41,
      "top_notes": "Grapefruit, Cannabis",
      "middle_notes": "Black Pepper, Geranium",
      "base_notes": "Leather, Vetiver",
      "fragrance_category": "leather"
    }
  },
  {
    "model": "perfumeshop.detail",
    "pk": 18,
    "fields": {
      "perfume": 43,
      "top_notes": null,
      "middle_notes": null,
      "base_notes": null,
      "fragrance_category": "citrus, spicy"
    }
  },
  {
    "model": "perfumeshop.detail",
    "pk": 19,
    "fields": {
      "perfume": 45,
      "top_notes": "Lavender, Pink Pepper",
      "middle_notes": "Geranium, Plum",
      "base_notes": "Truffle, Vetiver, Cedar Wood",
      "fragrance_category": "aromatic, woody"
    }
  },
  {
    "model": "perfumeshop.detail",
    "pk": 20,
    "fields": {
      "perfume": 52,
      "top_notes": null,
      "middle_notes": null,
      "base_notes": null,
      "fragrance_category": "aromatic, oriental, floral, leather"
    }
  },
  {
    "model": "perfumeshop.detail",
    "pk": 21,
    "fields": {
      "perfume": 53,
      "top_notes": "Sage, Cardamom",
      "middle_notes": "Vetiver, Daffodil",
      "base_notes": "Cedar Wood, Sandalwood, Madagascar Vanilla",
      "fragrance_category": "aromatic, floral, woody"
    }
  },
  {
    "model": "perfumeshop.detail",
    "pk": 22,
    "fields": {
      "perfume": 56,
      "top_notes": null,
      "middle_notes": null,
      "base_notes": null,
      "fragrance_category": "woody"
    }
  },
  {
    "model": "perfumeshop.detail",
    "pk": 23,
    "fields": {
      "perfume": 57,
      "top_notes": "Basil, Coriander, Grapefruit",
      "middle_notes": "Cardamom, Ginger, Orange Blossom",
      "base_notes": "Cedar, Tobacco, Amber",
      "fragrance_category": "oriental, fruity, spicy"
    }
  },
  {
    "model": "perfumeshop.detail",
    "pk": 24,
    "fields": {
      "perfume": 58,
      "top_notes": "Sage",
      "middle_notes": "Patchouli",
      "base_notes": "Sandalwood",
      "fragrance_category": "oriental, woody"
    }
  },
  {
    "model": "perfumeshop.detail",
    "pk": 25,
    "fields": {
      "perfume": 64,
      "top_notes": "Bergamot, Pepper",
      "middle_notes": "Lavender, Metallic Notes",
      "base_notes": "Patchouli, Ambroxan",
      "fragrance_category": "aromatic"
    }
  },
  {
    "model": "perfumeshop.detail",
    "pk": 26,
    "fields": {
      "perfume": 65,
      "top_notes": "Italian Lemon, Calabrian Bergamot",
      "middle_notes": "Elemi, Pink Pepper",
      "base_notes": "Frankincense, Wood, Amber",
      "fragrance_category": "citrus, aromatic"
    }
  },
  {
    "model": "perfumeshop.detail",
    "pk": 27,
    "fields": {
      "perfume": 76,
      "top_notes": "Anise, Bergamot, Pepper",
      "middle_notes": "Labdanum, Lavender, Fruity Notes",
      "base_notes": "Patchouli, Vanilla, Vetiver",
      "fragrance_category": "oriental"
    }
  },
  {
    "model": "perfumeshop.detail",
    "pk": 28,
    "fields": {
      "perfume": 79,
      "top_notes": "Bergamot, Tangerine, Neroli",
      "middle_notes": "Lavender, Pepper, Sage",
      "base_notes": "Cedar, Tobacco, Tonka Beans",
      "fragrance_category": "aromatic"
    }
  },
  {
    "model": "perfumeshop.detail",
    "pk": 29,
    "fields": {
      "perfume": 80,
      "top_notes": null,
      "middle_notes": null,
      "base_notes": null,
      "fragrance_category": "oriental, woody"
    }
  },
  {
    "model": "perfumeshop.detail",
    "pk": 30,
    "fields": {
      "perfume": 85,
      "top_notes": "Calabrian Bergamot",
      "middle_notes": "Coffee",
      "base_notes": "Vetiver",
      "fragrance_category": "aromatic"
    }
  },
  {
    "model": "perfumeshop.detail",
    "pk": 31,
    "fields": {
      "perfume": 94,
      "top_notes": "Iris",
      "middle_notes": "Patchouli, Amber",
      "base_notes": "Leather, Tonka Beans, Sandalwood",
      "fragrance_category": "oriental, woody"
    }
  },
  {
    "model": "perfumeshop.detail",
    "pk": 32,
    "fields": {
      "perfume": 96,
      "top_notes": "Cardamom, Tonka Beans",
      "middle_notes": "Bergamot, Virginia Cedar, Lavender",
      "base_notes": "Coumarin, Vetiver, Sandalwood",
      "fragrance_category": "spicy, woody"
    }
  },
  {
    "model": "perfumeshop.detail",
    "pk": 33,
    "fields": {
      "perfume": 98,
      "top_notes": "Calabrian Bergamot",
      "middle_notes": "Grapefruit Blossom",
      "base_notes": "White Musk",
      "fragrance_category": "citrus, aromatic"
    }
  },
  {
    "model": "perfumeshop.detail",
    "pk": 34,
    "fields": {
      "perfume": 99,
      "top_notes": "Bergamot, Cardamom, Basil",
      "middle_notes": "Iris, Cypress",
      "base_notes": "Cedar Wood, Coumarin",
      "fragrance_category": "aromatic, floral, woody"
    }
  },
  {
    "model": "perfumeshop.detail",
    "pk": 35,
    "fields": {
      "perfume": 101,
      "top_notes": "Sea Notes, Green Mandarin",
      "middle_notes": "Mimosa",
      "base_notes": "Patchouli, Labdanum",
      "fragrance_category": "aquatic, fougère"
    }
  },
  {
    "model": "perfumeshop.detail",
    "pk": 36,
    "fields": {
      "perfume": 104,
      "top_notes": null,
      "middle_notes": null,
      "base_notes": null,
      "fragrance_category": "oriental, spicy"
    }
  },
  {
    "model": "perfumeshop.detail",
    "pk": 37,
    "fields": {
      "perfume": 107,
      "top_notes": "Orris Root",
      "middle_notes": "Patchouli",
      "base_notes": "Black Vanilla, Balm",
      "fragrance_category": "oriental, floral, woody"
    }
  },
  {
    "model": "perfumeshop.detail",
    "pk": 38,
    "fields": {
      "perfume": 114,
      "top_notes": "Lavender, Pink Pepper",
      "middle_notes": "Geranium, Plum",
      "base_notes": "Truffle, Vetiver, Cedar Wood",
      "fragrance_category": "aromatic, woody"
    }
  },
  {
    "model": "perfumeshop.detail",
    "pk": 39,
    "fields": {
      "perfume": 115,
      "top_notes": "Lemon, Pink Pepper",
      "middle_notes": "Incense, Lavender",
      "base_notes": "Tonka Beans, Amber",
      "fragrance_category": "oriental"
    }
  },
  {
    "model": "perfumeshop.detail",
    "pk": 40,
    "fields": {
      "perfume": 118,
      "top_notes": "Orange, Jasmine, Lemon, Bergamot, Lime, Neroli, Mandarin Orange Blossom",
      "middle_notes": "Sea Notes, Jasmine, Peach, Rosemary, Freesia, Hyacinth, Cyclamen, Violet, Coriander, Nutmeg, Rose, Mignonette",
      "base_notes": "White Musk, Cedar, Oakmoss, Patchouli, Amber",
      "fragrance_category": "aquatic, woody"
    }
  },
  {
    "model": "perfumeshop.detail",
    "pk": 41,
    "fields": {
      "perfume": 128,
      "top_notes": "Citrus Fruit, Blood Orange, Juniper Berries",
      "middle_notes": "Citrus Fruit, Sage, Geranium, Lavender",
      "base_notes": "Cedar Wood, Vetiver, Patchouli",
      "fragrance_category": "aromatic, fruity, woody"
    }
  },
  {
    "model": "perfumeshop.detail",
    "pk": 42,
    "fields": {
      "perfume": 134,
      "top_notes": "Bergamot",
      "middle_notes": "Iris",
      "base_notes": "Vetiver",
      "fragrance_category": "aromatic"
    }
  },
  {
    "model": "perfumeshop.detail",
    "pk": 43,
    "fields": {
      "perfume": 158,
      "top_notes": "Red Ginger, Neroli",
      "middle_notes": "Iris, Amber",
      "base_notes": "Sandalwood, Cedar, Powder Notes",
      "fragrance_category": "chypre, woody"
    }
  },
  {
    "model": "perfumeshop.detail",
    "pk": 44,
    "fields": {
      "perfume": 164,
      "top_notes": "Labdanum, Nutmeg, Ginger, Sandalwood, Patchouli",
      "middle_notes": "Vetiver, Woody Notes, Mint, Jasmine, Lemon, Frankincense",
      "base_notes": "Cedar, Pink Pepper, Amber",
      "fragrance_category": "aromatic, woody"
    }
  },
  {
    "model": "perfumeshop.detail",
    "pk": 45,
    "fields": {
      "perfume": 202,
      "top_notes": "Chinotto Citrus, Black Pepper, mandarine, Bitter Orange",
      "middle_notes": "Woody Notes, Rosemary",
      "base_notes": "Patchouli, Vetiver",
      "fragrance_category": "aromatic, woody"
    }
  },
  {
    "model": "perfumeshop.customer",
    "pk": 3,
    "fields": {
      "user": null,
      "name": "Juan Francisco García Flores",
      "email": "ejemplo@ejemplo.mx"
    }
  },
  {
    "model": "perfumeshop.customer",
    "pk": 4,
    "fields": {
      "user": null,
      "name": "João Souza Silva",
      "email": "teste@exemplo.us"
    }
  },
  {
    "model": "perfumeshop.customer",
    "pk": 5,
    "fields": {
      "user": null,
      "name": "Jon Stewart Doe",
      "email": "test@example.us"
    }
  },
  {
    "model": "perfumeshop.customer",
    "pk": 6,
    "fields": { "user": 1, "name": null, "email": "" }
  },
  {
    "model": "perfumeshop.order",
    "pk": 7,
    "fields": {
      "customer": 6,
      "data_ordered": "2024-08-03T11:00:06.416Z",
      "completed": false,
      "transaction_id": "1722689228.271988"
    }
  },
  {
    "model": "perfumeshop.orderitem",
    "pk": 31,
    "fields": {
      "product": 3,
      "order": 7,
      "quantity": 1,
      "data_added": "2024-08-03T11:00:10.446Z"
    }
  },
  {
    "model": "perfumeshop.shippingaddress",
    "pk": 24,
    "fields": {
      "customer": null,
      "order": null,
      "address": "",
      "city": "",
      "state": "",
      "zipcode": "",
      "data_added": "2024-07-26T12:30:47.457Z"
    }
  },
  {
    "model": "perfumeshop.shippingaddress",
    "pk": 25,
    "fields": {
      "customer": null,
      "order": null,
      "address": "1600 Amphitheatre Parkway, Apartment 1",
      "city": "Mountain View",
      "state": "CA",
      "zipcode": "94043",
      "data_added": "2024-07-30T11:43:07.772Z"
    }
  },
  {
    "model": "perfumeshop.shippingaddress",
    "pk": 26,
    "fields": {
      "customer": 6,
      "order": 7,
      "address": "270, 270",
      "city": "Glinik",
      "state": "Prowincja",
      "zipcode": "39-106",
      "data_added": "2024-08-03T11:00:16.197Z"
    }
  },
  {
    "model": "perfumeshop.shippingaddress",
    "pk": 27,
    "fields": {
      "customer": 6,
      "order": 7,
      "address": "270, 270",
      "city": "Glinik",
      "state": "Prowincja",
      "zipcode": "39-106",
      "data_added": "2024-08-03T12:47:08.284Z"
    }
  },
  {
    "model": "admin.logentry",
    "pk": 1,
    "fields": {
      "action_time": "2024-06-22T22:02:32.904Z",
      "user": 1,
      "content_type": 7,
      "object_id": "186",
      "object_repr": "Armani - Code",
      "action_flag": 3,
      "change_message": ""
    }
  },
  {
    "model": "admin.logentry",
    "pk": 2,
    "fields": {
      "action_time": "2024-06-22T22:02:48.208Z",
      "user": 1,
      "content_type": 7,
      "object_id": "212",
      "object_repr": "Prada - Luna Rossa Ocean",
      "action_flag": 3,
      "change_message": ""
    }
  },
  {
    "model": "admin.logentry",
    "pk": 3,
    "fields": {
      "action_time": "2024-06-24T19:50:47.815Z",
      "user": 1,
      "content_type": 7,
      "object_id": "71",
      "object_repr": "KENZO - Homme",
      "action_flag": 3,
      "change_message": ""
    }
  },
  {
    "model": "admin.logentry",
    "pk": 4,
    "fields": {
      "action_time": "2024-06-24T19:51:31.567Z",
      "user": 1,
      "content_type": 7,
      "object_id": "254",
      "object_repr": "Chanel - Bleu de Chanel",
      "action_flag": 3,
      "change_message": ""
    }
  },
  {
    "model": "admin.logentry",
    "pk": 5,
    "fields": {
      "action_time": "2024-06-24T19:51:40.340Z",
      "user": 1,
      "content_type": 7,
      "object_id": "244",
      "object_repr": "Chanel - Allure Homme Sport Cologne",
      "action_flag": 3,
      "change_message": ""
    }
  },
  {
    "model": "admin.logentry",
    "pk": 6,
    "fields": {
      "action_time": "2024-06-24T19:53:09.070Z",
      "user": 1,
      "content_type": 7,
      "object_id": "246",
      "object_repr": "Unique'e Luxury - Hidden Accords",
      "action_flag": 3,
      "change_message": ""
    }
  },
  {
    "model": "admin.logentry",
    "pk": 7,
    "fields": {
      "action_time": "2024-06-24T19:53:23.024Z",
      "user": 1,
      "content_type": 7,
      "object_id": "252",
      "object_repr": "Tommy Hilfiger - Impact Spark",
      "action_flag": 3,
      "change_message": ""
    }
  },
  {
    "model": "admin.logentry",
    "pk": 8,
    "fields": {
      "action_time": "2024-06-24T19:53:40.869Z",
      "user": 1,
      "content_type": 7,
      "object_id": "282",
      "object_repr": "Tiziana Terenzi - Black XIX March",
      "action_flag": 3,
      "change_message": ""
    }
  },
  {
    "model": "admin.logentry",
    "pk": 9,
    "fields": {
      "action_time": "2024-06-24T19:53:44.554Z",
      "user": 1,
      "content_type": 7,
      "object_id": "281",
      "object_repr": "Tiziana Terenzi - Gold White Fire",
      "action_flag": 3,
      "change_message": ""
    }
  },
  {
    "model": "admin.logentry",
    "pk": 10,
    "fields": {
      "action_time": "2024-06-24T19:53:48.040Z",
      "user": 1,
      "content_type": 7,
      "object_id": "280",
      "object_repr": "Tiziana Terenzi - Vele",
      "action_flag": 3,
      "change_message": ""
    }
  },
  {
    "model": "admin.logentry",
    "pk": 11,
    "fields": {
      "action_time": "2024-06-24T19:53:51.987Z",
      "user": 1,
      "content_type": 7,
      "object_id": "279",
      "object_repr": "Tiziana Terenzi - Luna Ursa Major",
      "action_flag": 3,
      "change_message": ""
    }
  },
  {
    "model": "admin.logentry",
    "pk": 12,
    "fields": {
      "action_time": "2024-06-24T19:53:55.152Z",
      "user": 1,
      "content_type": 7,
      "object_id": "278",
      "object_repr": "Tiziana Terenzi - Tyl Assoluto",
      "action_flag": 3,
      "change_message": ""
    }
  },
  {
    "model": "admin.logentry",
    "pk": 13,
    "fields": {
      "action_time": "2024-06-24T19:53:59.121Z",
      "user": 1,
      "content_type": 7,
      "object_id": "271",
      "object_repr": "Tiziana Terenzi - Eclix",
      "action_flag": 3,
      "change_message": ""
    }
  },
  {
    "model": "admin.logentry",
    "pk": 14,
    "fields": {
      "action_time": "2024-06-24T19:54:03.389Z",
      "user": 1,
      "content_type": 7,
      "object_id": "277",
      "object_repr": "Tiziana Terenzi - Tabit",
      "action_flag": 3,
      "change_message": ""
    }
  },
  {
    "model": "admin.logentry",
    "pk": 15,
    "fields": {
      "action_time": "2024-06-24T19:54:06.214Z",
      "user": 1,
      "content_type": 7,
      "object_id": "276",
      "object_repr": "Tiziana Terenzi - Saiph",
      "action_flag": 3,
      "change_message": ""
    }
  },
  {
    "model": "admin.logentry",
    "pk": 16,
    "fields": {
      "action_time": "2024-06-24T19:54:09.444Z",
      "user": 1,
      "content_type": 7,
      "object_id": "275",
      "object_repr": "Tiziana Terenzi - Gold Lillipur",
      "action_flag": 3,
      "change_message": ""
    }
  },
  {
    "model": "admin.logentry",
    "pk": 17,
    "fields": {
      "action_time": "2024-06-24T19:54:13.041Z",
      "user": 1,
      "content_type": 7,
      "object_id": "274",
      "object_repr": "Tiziana Terenzi - Chimaera Extrait De Parfum",
      "action_flag": 3,
      "change_message": ""
    }
  },
  {
    "model": "admin.logentry",
    "pk": 18,
    "fields": {
      "action_time": "2024-06-24T19:54:16.294Z",
      "user": 1,
      "content_type": 7,
      "object_id": "273",
      "object_repr": "Tiziana Terenzi - Gold Rose Oudh",
      "action_flag": 3,
      "change_message": ""
    }
  },
  {
    "model": "admin.logentry",
    "pk": 19,
    "fields": {
      "action_time": "2024-06-24T19:54:19.700Z",
      "user": 1,
      "content_type": 7,
      "object_id": "272",
      "object_repr": "Tiziana Terenzi - Foconero",
      "action_flag": 3,
      "change_message": ""
    }
  },
  {
    "model": "admin.logentry",
    "pk": 20,
    "fields": {
      "action_time": "2024-06-24T19:54:23.637Z",
      "user": 1,
      "content_type": 7,
      "object_id": "270",
      "object_repr": "Tiziana Terenzi - Dubhe Assoluto",
      "action_flag": 3,
      "change_message": ""
    }
  },
  {
    "model": "admin.logentry",
    "pk": 21,
    "fields": {
      "action_time": "2024-06-24T19:54:27.060Z",
      "user": 1,
      "content_type": 7,
      "object_id": "269",
      "object_repr": "Tiziana Terenzi - Delox",
      "action_flag": 3,
      "change_message": ""
    }
  },
  {
    "model": "admin.logentry",
    "pk": 22,
    "fields": {
      "action_time": "2024-06-24T19:54:30.389Z",
      "user": 1,
      "content_type": 7,
      "object_id": "268",
      "object_repr": "Tiziana Terenzi - Luna Cassiopea",
      "action_flag": 3,
      "change_message": ""
    }
  },
  {
    "model": "admin.logentry",
    "pk": 23,
    "fields": {
      "action_time": "2024-06-24T19:54:34.082Z",
      "user": 1,
      "content_type": 7,
      "object_id": "267",
      "object_repr": "Tiziana Terenzi - Gold Arethusa",
      "action_flag": 3,
      "change_message": ""
    }
  },
  {
    "model": "admin.logentry",
    "pk": 24,
    "fields": {
      "action_time": "2024-06-24T19:54:37.550Z",
      "user": 1,
      "content_type": 7,
      "object_id": "266",
      "object_repr": "Tiziana Terenzi - Adhil Assoluto",
      "action_flag": 3,
      "change_message": ""
    }
  },
  {
    "model": "admin.logentry",
    "pk": 25,
    "fields": {
      "action_time": "2024-07-21T20:01:38.690Z",
      "user": 1,
      "content_type": 9,
      "object_id": "1",
      "object_repr": "Michal",
      "action_flag": 1,
      "change_message": "[{\"added\": {}}]"
    }
  },
  {
    "model": "admin.logentry",
    "pk": 26,
    "fields": {
      "action_time": "2024-07-21T20:02:19.397Z",
      "user": 1,
      "content_type": 10,
      "object_id": "1",
      "object_repr": "1",
      "action_flag": 1,
      "change_message": "[{\"added\": {}}]"
    }
  },
  {
    "model": "admin.logentry",
    "pk": 27,
    "fields": {
      "action_time": "2024-07-21T20:02:46.854Z",
      "user": 1,
      "content_type": 11,
      "object_id": "1",
      "object_repr": "OrderItem object (1)",
      "action_flag": 1,
      "change_message": "[{\"added\": {}}]"
    }
  },
  {
    "model": "admin.logentry",
    "pk": 28,
    "fields": {
      "action_time": "2024-07-22T16:17:22.343Z",
      "user": 1,
      "content_type": 11,
      "object_id": "2",
      "object_repr": "OrderItem object (2)",
      "action_flag": 1,
      "change_message": "[{\"added\": {}}]"
    }
  },
  {
    "model": "admin.logentry",
    "pk": 29,
    "fields": {
      "action_time": "2024-07-22T16:58:29.401Z",
      "user": 1,
      "content_type": 11,
      "object_id": "1",
      "object_repr": "OrderItem object (1)",
      "action_flag": 2,
      "change_message": "[{\"changed\": {\"fields\": [\"Quantity\"]}}]"
    }
  },
  {
    "model": "admin.logentry",
    "pk": 30,
    "fields": {
      "action_time": "2024-07-23T21:26:30.711Z",
      "user": 1,
      "content_type": 10,
      "object_id": "1",
      "object_repr": "1",
      "action_flag": 3,
      "change_message": ""
    }
  },
  {
    "model": "admin.logentry",
    "pk": 31,
    "fields": {
      "action_time": "2024-07-23T21:26:38.526Z",
      "user": 1,
      "content_type": 11,
      "object_id": "12",
      "object_repr": "OrderItem object (12)",
      "action_flag": 3,
      "change_message": ""
    }
  },
  {
    "model": "admin.logentry",
    "pk": 32,
    "fields": {
      "action_time": "2024-07-23T21:26:41.552Z",
      "user": 1,
      "content_type": 11,
      "object_id": "11",
      "object_repr": "OrderItem object (11)",
      "action_flag": 3,
      "change_message": ""
    }
  },
  {
    "model": "admin.logentry",
    "pk": 33,
    "fields": {
      "action_time": "2024-07-23T21:26:44.414Z",
      "user": 1,
      "content_type": 11,
      "object_id": "10",
      "object_repr": "OrderItem object (10)",
      "action_flag": 3,
      "change_message": ""
    }
  },
  {
    "model": "admin.logentry",
    "pk": 34,
    "fields": {
      "action_time": "2024-07-23T21:26:46.110Z",
      "user": 1,
      "content_type": 11,
      "object_id": "9",
      "object_repr": "OrderItem object (9)",
      "action_flag": 3,
      "change_message": ""
    }
  },
  {
    "model": "admin.logentry",
    "pk": 35,
    "fields": {
      "action_time": "2024-07-23T21:26:48.215Z",
      "user": 1,
      "content_type": 11,
      "object_id": "2",
      "object_repr": "OrderItem object (2)",
      "action_flag": 3,
      "change_message": ""
    }
  },
  {
    "model": "admin.logentry",
    "pk": 36,
    "fields": {
      "action_time": "2024-07-23T21:26:50.205Z",
      "user": 1,
      "content_type": 11,
      "object_id": "6",
      "object_repr": "OrderItem object (6)",
      "action_flag": 3,
      "change_message": ""
    }
  },
  {
    "model": "admin.logentry",
    "pk": 37,
    "fields": {
      "action_time": "2024-07-23T21:26:52.405Z",
      "user": 1,
      "content_type": 11,
      "object_id": "8",
      "object_repr": "OrderItem object (8)",
      "action_flag": 3,
      "change_message": ""
    }
  },
  {
    "model": "admin.logentry",
    "pk": 38,
    "fields": {
      "action_time": "2024-07-23T21:26:53.838Z",
      "user": 1,
      "content_type": 11,
      "object_id": "5",
      "object_repr": "OrderItem object (5)",
      "action_flag": 3,
      "change_message": ""
    }
  },
  {
    "model": "admin.logentry",
    "pk": 39,
    "fields": {
      "action_time": "2024-07-23T21:26:57.949Z",
      "user": 1,
      "content_type": 11,
      "object_id": "4",
      "object_repr": "OrderItem object (4)",
      "action_flag": 3,
      "change_message": ""
    }
  },
  {
    "model": "admin.logentry",
    "pk": 40,
    "fields": {
      "action_time": "2024-07-23T21:26:59.599Z",
      "user": 1,
      "content_type": 11,
      "object_id": "7",
      "object_repr": "OrderItem object (7)",
      "action_flag": 3,
      "change_message": ""
    }
  },
  {
    "model": "admin.logentry",
    "pk": 41,
    "fields": {
      "action_time": "2024-07-23T21:27:01.941Z",
      "user": 1,
      "content_type": 11,
      "object_id": "3",
      "object_repr": "OrderItem object (3)",
      "action_flag": 3,
      "change_message": ""
    }
  },
  {
    "model": "admin.logentry",
    "pk": 42,
    "fields": {
      "action_time": "2024-07-24T14:25:13.751Z",
      "user": 1,
      "content_type": 8,
      "object_id": "20",
      "object_repr": "270, 270",
      "action_flag": 3,
      "change_message": ""
    }
  },
  {
    "model": "admin.logentry",
    "pk": 43,
    "fields": {
      "action_time": "2024-07-24T14:25:13.767Z",
      "user": 1,
      "content_type": 8,
      "object_id": "19",
      "object_repr": "270, 270",
      "action_flag": 3,
      "change_message": ""
    }
  },
  {
    "model": "admin.logentry",
    "pk": 44,
    "fields": {
      "action_time": "2024-07-24T14:25:13.773Z",
      "user": 1,
      "content_type": 8,
      "object_id": "18",
      "object_repr": "270, 270",
      "action_flag": 3,
      "change_message": ""
    }
  },
  {
    "model": "admin.logentry",
    "pk": 45,
    "fields": {
      "action_time": "2024-07-24T14:25:13.780Z",
      "user": 1,
      "content_type": 8,
      "object_id": "17",
      "object_repr": "270, 270",
      "action_flag": 3,
      "change_message": ""
    }
  },
  {
    "model": "admin.logentry",
    "pk": 46,
    "fields": {
      "action_time": "2024-07-24T14:25:13.785Z",
      "user": 1,
      "content_type": 8,
      "object_id": "16",
      "object_repr": "270, 270",
      "action_flag": 3,
      "change_message": ""
    }
  },
  {
    "model": "admin.logentry",
    "pk": 47,
    "fields": {
      "action_time": "2024-07-24T14:25:13.791Z",
      "user": 1,
      "content_type": 8,
      "object_id": "15",
      "object_repr": "270, 270",
      "action_flag": 3,
      "change_message": ""
    }
  },
  {
    "model": "admin.logentry",
    "pk": 48,
    "fields": {
      "action_time": "2024-07-24T14:25:13.797Z",
      "user": 1,
      "content_type": 8,
      "object_id": "14",
      "object_repr": "",
      "action_flag": 3,
      "change_message": ""
    }
  },
  {
    "model": "admin.logentry",
    "pk": 49,
    "fields": {
      "action_time": "2024-07-24T14:25:13.802Z",
      "user": 1,
      "content_type": 8,
      "object_id": "13",
      "object_repr": "270, 270",
      "action_flag": 3,
      "change_message": ""
    }
  },
  {
    "model": "admin.logentry",
    "pk": 50,
    "fields": {
      "action_time": "2024-07-24T14:25:13.809Z",
      "user": 1,
      "content_type": 8,
      "object_id": "12",
      "object_repr": "270, 270",
      "action_flag": 3,
      "change_message": ""
    }
  },
  {
    "model": "admin.logentry",
    "pk": 51,
    "fields": {
      "action_time": "2024-07-24T14:25:13.815Z",
      "user": 1,
      "content_type": 8,
      "object_id": "11",
      "object_repr": "270, 270",
      "action_flag": 3,
      "change_message": ""
    }
  },
  {
    "model": "admin.logentry",
    "pk": 52,
    "fields": {
      "action_time": "2024-07-24T14:25:13.820Z",
      "user": 1,
      "content_type": 8,
      "object_id": "10",
      "object_repr": "270, 270",
      "action_flag": 3,
      "change_message": ""
    }
  },
  {
    "model": "admin.logentry",
    "pk": 53,
    "fields": {
      "action_time": "2024-07-24T14:25:13.825Z",
      "user": 1,
      "content_type": 8,
      "object_id": "9",
      "object_repr": "",
      "action_flag": 3,
      "change_message": ""
    }
  },
  {
    "model": "admin.logentry",
    "pk": 54,
    "fields": {
      "action_time": "2024-07-24T14:25:13.831Z",
      "user": 1,
      "content_type": 8,
      "object_id": "8",
      "object_repr": "",
      "action_flag": 3,
      "change_message": ""
    }
  },
  {
    "model": "admin.logentry",
    "pk": 55,
    "fields": {
      "action_time": "2024-07-24T14:25:13.836Z",
      "user": 1,
      "content_type": 8,
      "object_id": "7",
      "object_repr": "",
      "action_flag": 3,
      "change_message": ""
    }
  },
  {
    "model": "admin.logentry",
    "pk": 56,
    "fields": {
      "action_time": "2024-07-24T14:25:13.841Z",
      "user": 1,
      "content_type": 8,
      "object_id": "6",
      "object_repr": "",
      "action_flag": 3,
      "change_message": ""
    }
  },
  {
    "model": "admin.logentry",
    "pk": 57,
    "fields": {
      "action_time": "2024-07-24T14:25:13.847Z",
      "user": 1,
      "content_type": 8,
      "object_id": "5",
      "object_repr": "",
      "action_flag": 3,
      "change_message": ""
    }
  },
  {
    "model": "admin.logentry",
    "pk": 58,
    "fields": {
      "action_time": "2024-07-24T14:25:13.852Z",
      "user": 1,
      "content_type": 8,
      "object_id": "4",
      "object_repr": "",
      "action_flag": 3,
      "change_message": ""
    }
  },
  {
    "model": "admin.logentry",
    "pk": 59,
    "fields": {
      "action_time": "2024-07-24T14:25:13.859Z",
      "user": 1,
      "content_type": 8,
      "object_id": "3",
      "object_repr": "",
      "action_flag": 3,
      "change_message": ""
    }
  },
  {
    "model": "admin.logentry",
    "pk": 60,
    "fields": {
      "action_time": "2024-07-24T14:25:13.864Z",
      "user": 1,
      "content_type": 8,
      "object_id": "2",
      "object_repr": "",
      "action_flag": 3,
      "change_message": ""
    }
  },
  {
    "model": "admin.logentry",
    "pk": 61,
    "fields": {
      "action_time": "2024-07-24T14:25:13.871Z",
      "user": 1,
      "content_type": 8,
      "object_id": "1",
      "object_repr": "",
      "action_flag": 3,
      "change_message": ""
    }
  },
  {
    "model": "admin.logentry",
    "pk": 62,
    "fields": {
      "action_time": "2024-07-24T19:39:44.304Z",
      "user": 1,
      "content_type": 8,
      "object_id": "23",
      "object_repr": "",
      "action_flag": 3,
      "change_message": ""
    }
  },
  {
    "model": "admin.logentry",
    "pk": 63,
    "fields": {
      "action_time": "2024-07-24T19:39:44.321Z",
      "user": 1,
      "content_type": 8,
      "object_id": "22",
      "object_repr": "270, 270",
      "action_flag": 3,
      "change_message": ""
    }
  },
  {
    "model": "admin.logentry",
    "pk": 64,
    "fields": {
      "action_time": "2024-07-24T19:39:44.327Z",
      "user": 1,
      "content_type": 8,
      "object_id": "21",
      "object_repr": "270, 270",
      "action_flag": 3,
      "change_message": ""
    }
  },
  {
    "model": "admin.logentry",
    "pk": 65,
    "fields": {
      "action_time": "2024-07-30T15:26:48.442Z",
      "user": 1,
      "content_type": 7,
      "object_id": "265",
      "object_repr": "Roja Parfums - Scandal",
      "action_flag": 3,
      "change_message": ""
    }
  },
  {
    "model": "admin.logentry",
    "pk": 66,
    "fields": {
      "action_time": "2024-07-30T15:26:48.474Z",
      "user": 1,
      "content_type": 7,
      "object_id": "264",
      "object_repr": "Roja Parfums - Reckless",
      "action_flag": 3,
      "change_message": ""
    }
  },
  {
    "model": "admin.logentry",
    "pk": 67,
    "fields": {
      "action_time": "2024-07-30T15:26:48.495Z",
      "user": 1,
      "content_type": 7,
      "object_id": "263",
      "object_repr": "Roja Parfums - Scandal Parfum Cologne",
      "action_flag": 3,
      "change_message": ""
    }
  },
  {
    "model": "admin.logentry",
    "pk": 68,
    "fields": {
      "action_time": "2024-07-30T15:30:41.972Z",
      "user": 1,
      "content_type": 7,
      "object_id": "195",
      "object_repr": "Roja Parfums - Enigma",
      "action_flag": 3,
      "change_message": ""
    }
  },
  {
    "model": "admin.logentry",
    "pk": 69,
    "fields": {
      "action_time": "2024-07-30T15:32:12.851Z",
      "user": 1,
      "content_type": 7,
      "object_id": "250",
      "object_repr": "Roja Parfums - Elysium Parfum Cologne",
      "action_flag": 3,
      "change_message": ""
    }
  },
  {
    "model": "admin.logentry",
    "pk": 70,
    "fields": {
      "action_time": "2024-07-30T15:32:12.886Z",
      "user": 1,
      "content_type": 7,
      "object_id": "240",
      "object_repr": "Mancera - Gold Aoud",
      "action_flag": 3,
      "change_message": ""
    }
  },
  {
    "model": "admin.logentry",
    "pk": 71,
    "fields": {
      "action_time": "2024-07-30T15:32:12.908Z",
      "user": 1,
      "content_type": 7,
      "object_id": "235",
      "object_repr": "Mancera - Choco Violet",
      "action_flag": 3,
      "change_message": ""
    }
  },
  {
    "model": "admin.logentry",
    "pk": 72,
    "fields": {
      "action_time": "2024-07-30T15:32:12.929Z",
      "user": 1,
      "content_type": 7,
      "object_id": "229",
      "object_repr": "Amouage - Purpose",
      "action_flag": 3,
      "change_message": ""
    }
  },
  {
    "model": "admin.logentry",
    "pk": 73,
    "fields": {
      "action_time": "2024-07-30T15:32:12.951Z",
      "user": 1,
      "content_type": 7,
      "object_id": "228",
      "object_repr": "Amouage - Memoir",
      "action_flag": 3,
      "change_message": ""
    }
  },
  {
    "model": "admin.logentry",
    "pk": 74,
    "fields": {
      "action_time": "2024-07-30T15:32:12.974Z",
      "user": 1,
      "content_type": 7,
      "object_id": "227",
      "object_repr": "Amouage - Imitation",
      "action_flag": 3,
      "change_message": ""
    }
  },
  {
    "model": "admin.logentry",
    "pk": 75,
    "fields": {
      "action_time": "2024-07-30T15:32:12.995Z",
      "user": 1,
      "content_type": 7,
      "object_id": "226",
      "object_repr": "Amouage - Dia",
      "action_flag": 3,
      "change_message": ""
    }
  },
  {
    "model": "admin.logentry",
    "pk": 76,
    "fields": {
      "action_time": "2024-07-30T15:32:13.016Z",
      "user": 1,
      "content_type": 7,
      "object_id": "225",
      "object_repr": "Roja Parfums - Elysium",
      "action_flag": 3,
      "change_message": ""
    }
  },
  {
    "model": "admin.logentry",
    "pk": 77,
    "fields": {
      "action_time": "2024-07-30T15:32:13.038Z",
      "user": 1,
      "content_type": 7,
      "object_id": "223",
      "object_repr": "Roja Parfums - Roja",
      "action_flag": 3,
      "change_message": ""
    }
  },
  {
    "model": "admin.logentry",
    "pk": 78,
    "fields": {
      "action_time": "2024-07-30T15:32:13.060Z",
      "user": 1,
      "content_type": 7,
      "object_id": "219",
      "object_repr": "Amouage - Honour",
      "action_flag": 3,
      "change_message": ""
    }
  },
  {
    "model": "admin.logentry",
    "pk": 79,
    "fields": {
      "action_time": "2024-07-30T15:32:13.081Z",
      "user": 1,
      "content_type": 7,
      "object_id": "214",
      "object_repr": "Mancera - Sand Aoud",
      "action_flag": 3,
      "change_message": ""
    }
  },
  {
    "model": "admin.logentry",
    "pk": 80,
    "fields": {
      "action_time": "2024-07-30T15:32:13.102Z",
      "user": 1,
      "content_type": 7,
      "object_id": "213",
      "object_repr": "Mancera - Roses Jasmine",
      "action_flag": 3,
      "change_message": ""
    }
  },
  {
    "model": "admin.logentry",
    "pk": 81,
    "fields": {
      "action_time": "2024-07-30T15:32:13.122Z",
      "user": 1,
      "content_type": 7,
      "object_id": "200",
      "object_repr": "Prada - Les Infusions: Infusion Iris",
      "action_flag": 3,
      "change_message": ""
    }
  },
  {
    "model": "admin.logentry",
    "pk": 82,
    "fields": {
      "action_time": "2024-07-30T15:32:13.143Z",
      "user": 1,
      "content_type": 7,
      "object_id": "196",
      "object_repr": "Montale - Patchouli Leaves",
      "action_flag": 3,
      "change_message": ""
    }
  },
  {
    "model": "admin.logentry",
    "pk": 83,
    "fields": {
      "action_time": "2024-07-30T15:32:13.164Z",
      "user": 1,
      "content_type": 7,
      "object_id": "192",
      "object_repr": "HERMÈS - Parfums-Jardins Collection Un Jardin Mediterranée",
      "action_flag": 3,
      "change_message": ""
    }
  },
  {
    "model": "admin.logentry",
    "pk": 84,
    "fields": {
      "action_time": "2024-07-30T15:32:13.185Z",
      "user": 1,
      "content_type": 7,
      "object_id": "170",
      "object_repr": "HERMÈS - Parfums-Jardins Collection Un Jardin Sur Le Toit",
      "action_flag": 3,
      "change_message": ""
    }
  },
  {
    "model": "admin.logentry",
    "pk": 85,
    "fields": {
      "action_time": "2024-07-30T15:32:13.206Z",
      "user": 1,
      "content_type": 7,
      "object_id": "169",
      "object_repr": "HERMÈS - Parfums-Jardins Collection Le Jardin de Monsieur Li",
      "action_flag": 3,
      "change_message": ""
    }
  },
  {
    "model": "admin.logentry",
    "pk": 86,
    "fields": {
      "action_time": "2024-07-30T15:32:13.228Z",
      "user": 1,
      "content_type": 7,
      "object_id": "161",
      "object_repr": "Montale - Soleil De Capri",
      "action_flag": 3,
      "change_message": ""
    }
  },
  {
    "model": "admin.logentry",
    "pk": 87,
    "fields": {
      "action_time": "2024-07-30T15:32:13.248Z",
      "user": 1,
      "content_type": 7,
      "object_id": "155",
      "object_repr": "Gucci - Guilty Pour Homme",
      "action_flag": 3,
      "change_message": ""
    }
  },
  {
    "model": "admin.logentry",
    "pk": 88,
    "fields": {
      "action_time": "2024-07-30T15:32:13.269Z",
      "user": 1,
      "content_type": 7,
      "object_id": "152",
      "object_repr": "Montale - Chocolate Greedy",
      "action_flag": 3,
      "change_message": ""
    }
  },
  {
    "model": "admin.logentry",
    "pk": 89,
    "fields": {
      "action_time": "2024-07-30T15:32:13.291Z",
      "user": 1,
      "content_type": 7,
      "object_id": "137",
      "object_repr": "Hugo Boss - HUGO Just Different",
      "action_flag": 3,
      "change_message": ""
    }
  },
  {
    "model": "admin.logentry",
    "pk": 90,
    "fields": {
      "action_time": "2024-07-30T15:32:13.313Z",
      "user": 1,
      "content_type": 7,
      "object_id": "132",
      "object_repr": "Hugo Boss - BOSS Man",
      "action_flag": 3,
      "change_message": ""
    }
  },
  {
    "model": "admin.logentry",
    "pk": 91,
    "fields": {
      "action_time": "2024-07-30T15:32:13.335Z",
      "user": 1,
      "content_type": 7,
      "object_id": "121",
      "object_repr": "Montale - Starry Nights",
      "action_flag": 3,
      "change_message": ""
    }
  },
  {
    "model": "admin.logentry",
    "pk": 92,
    "fields": {
      "action_time": "2024-07-30T15:32:13.357Z",
      "user": 1,
      "content_type": 7,
      "object_id": "113",
      "object_repr": "Rabanne - Black XS (2018)",
      "action_flag": 3,
      "change_message": ""
    }
  },
  {
    "model": "admin.logentry",
    "pk": 93,
    "fields": {
      "action_time": "2024-07-30T15:32:13.379Z",
      "user": 1,
      "content_type": 7,
      "object_id": "110",
      "object_repr": "Gucci - Guilty Pour Homme",
      "action_flag": 3,
      "change_message": ""
    }
  },
  {
    "model": "admin.logentry",
    "pk": 94,
    "fields": {
      "action_time": "2024-07-30T15:32:13.399Z",
      "user": 1,
      "content_type": 7,
      "object_id": "103",
      "object_repr": "Gucci - Guilty Pour Homme",
      "action_flag": 3,
      "change_message": ""
    }
  },
  {
    "model": "admin.logentry",
    "pk": 95,
    "fields": {
      "action_time": "2024-07-30T15:32:13.420Z",
      "user": 1,
      "content_type": 7,
      "object_id": "95",
      "object_repr": "Carolina Herrera - 212 VIP Men",
      "action_flag": 3,
      "change_message": ""
    }
  },
  {
    "model": "admin.logentry",
    "pk": 96,
    "fields": {
      "action_time": "2024-07-30T15:32:13.441Z",
      "user": 1,
      "content_type": 7,
      "object_id": "47",
      "object_repr": "HERMÈS - H24",
      "action_flag": 3,
      "change_message": ""
    }
  },
  {
    "model": "admin.logentry",
    "pk": 97,
    "fields": {
      "action_time": "2024-07-30T15:32:13.462Z",
      "user": 1,
      "content_type": 7,
      "object_id": "44",
      "object_repr": "HERMÈS - Terre d’Hermès Eau Intense Vétiver",
      "action_flag": 3,
      "change_message": ""
    }
  },
  {
    "model": "admin.logentry",
    "pk": 98,
    "fields": {
      "action_time": "2024-07-30T15:32:42.790Z",
      "user": 1,
      "content_type": 7,
      "object_id": "23",
      "object_repr": "Rabanne - 1 Million",
      "action_flag": 3,
      "change_message": ""
    }
  },
  {
    "model": "admin.logentry",
    "pk": 99,
    "fields": {
      "action_time": "2024-07-30T15:33:18.827Z",
      "user": 1,
      "content_type": 7,
      "object_id": "201",
      "object_repr": "Versace - Eros",
      "action_flag": 3,
      "change_message": ""
    }
  },
  {
    "model": "admin.logentry",
    "pk": 100,
    "fields": {
      "action_time": "2024-07-30T15:33:32.478Z",
      "user": 1,
      "content_type": 7,
      "object_id": "28",
      "object_repr": "Versace - Eros Flame",
      "action_flag": 3,
      "change_message": ""
    }
  },
  {
    "model": "admin.logentry",
    "pk": 101,
    "fields": {
      "action_time": "2024-07-30T15:33:35.291Z",
      "user": 1,
      "content_type": 7,
      "object_id": "15",
      "object_repr": "Versace - Eros",
      "action_flag": 3,
      "change_message": ""
    }
  },
  {
    "model": "admin.logentry",
    "pk": 102,
    "fields": {
      "action_time": "2024-07-30T15:34:01.012Z",
      "user": 1,
      "content_type": 7,
      "object_id": "262",
      "object_repr": "Versace - Eros",
      "action_flag": 3,
      "change_message": ""
    }
  },
  {
    "model": "admin.logentry",
    "pk": 103,
    "fields": {
      "action_time": "2024-07-30T15:34:31.246Z",
      "user": 1,
      "content_type": 7,
      "object_id": "35",
      "object_repr": "Hugo Boss - BOSS Bottled Elixir",
      "action_flag": 3,
      "change_message": ""
    }
  },
  {
    "model": "admin.logentry",
    "pk": 104,
    "fields": {
      "action_time": "2024-07-30T15:34:31.279Z",
      "user": 1,
      "content_type": 7,
      "object_id": "12",
      "object_repr": "Hugo Boss - BOSS Bottled",
      "action_flag": 3,
      "change_message": ""
    }
  },
  {
    "model": "admin.logentry",
    "pk": 105,
    "fields": {
      "action_time": "2024-07-30T15:35:11.694Z",
      "user": 1,
      "content_type": 7,
      "object_id": "141",
      "object_repr": "Yves Saint Laurent - Kouros",
      "action_flag": 3,
      "change_message": ""
    }
  },
  {
    "model": "admin.logentry",
    "pk": 106,
    "fields": {
      "action_time": "2024-07-30T15:35:11.727Z",
      "user": 1,
      "content_type": 7,
      "object_id": "68",
      "object_repr": "Hugo Boss - BOSS The Scent Elixir",
      "action_flag": 3,
      "change_message": ""
    }
  },
  {
    "model": "admin.logentry",
    "pk": 107,
    "fields": {
      "action_time": "2024-07-30T15:35:22.758Z",
      "user": 1,
      "content_type": 7,
      "object_id": "147",
      "object_repr": "Versace - Pour Homme Oud Noir",
      "action_flag": 3,
      "change_message": ""
    }
  },
  {
    "model": "admin.logentry",
    "pk": 108,
    "fields": {
      "action_time": "2024-07-30T15:35:39.277Z",
      "user": 1,
      "content_type": 7,
      "object_id": "160",
      "object_repr": "DIOR - Higher Energy",
      "action_flag": 3,
      "change_message": ""
    }
  },
  {
    "model": "admin.logentry",
    "pk": 109,
    "fields": {
      "action_time": "2024-07-30T15:35:52.819Z",
      "user": 1,
      "content_type": 7,
      "object_id": "211",
      "object_repr": "Prada - Les Infusions: Infusion Mimosa",
      "action_flag": 3,
      "change_message": ""
    }
  },
  {
    "model": "admin.logentry",
    "pk": 110,
    "fields": {
      "action_time": "2024-07-30T15:36:07.758Z",
      "user": 1,
      "content_type": 7,
      "object_id": "72",
      "object_repr": "Gucci - Intense Oud",
      "action_flag": 3,
      "change_message": ""
    }
  },
  {
    "model": "admin.logentry",
    "pk": 111,
    "fields": {
      "action_time": "2024-07-30T15:36:43.590Z",
      "user": 1,
      "content_type": 11,
      "object_id": "30",
      "object_repr": "OrderItem object (30)",
      "action_flag": 3,
      "change_message": ""
    }
  },
  {
    "model": "admin.logentry",
    "pk": 112,
    "fields": {
      "action_time": "2024-07-30T15:36:43.623Z",
      "user": 1,
      "content_type": 11,
      "object_id": "29",
      "object_repr": "OrderItem object (29)",
      "action_flag": 3,
      "change_message": ""
    }
  },
  {
    "model": "admin.logentry",
    "pk": 113,
    "fields": {
      "action_time": "2024-07-30T15:36:43.644Z",
      "user": 1,
      "content_type": 11,
      "object_id": "28",
      "object_repr": "OrderItem object (28)",
      "action_flag": 3,
      "change_message": ""
    }
  },
  {
    "model": "admin.logentry",
    "pk": 114,
    "fields": {
      "action_time": "2024-07-30T15:36:43.664Z",
      "user": 1,
      "content_type": 11,
      "object_id": "27",
      "object_repr": "OrderItem object (27)",
      "action_flag": 3,
      "change_message": ""
    }
  },
  {
    "model": "admin.logentry",
    "pk": 115,
    "fields": {
      "action_time": "2024-07-30T15:36:43.684Z",
      "user": 1,
      "content_type": 11,
      "object_id": "26",
      "object_repr": "OrderItem object (26)",
      "action_flag": 3,
      "change_message": ""
    }
  },
  {
    "model": "admin.logentry",
    "pk": 116,
    "fields": {
      "action_time": "2024-07-30T15:36:43.703Z",
      "user": 1,
      "content_type": 11,
      "object_id": "25",
      "object_repr": "OrderItem object (25)",
      "action_flag": 3,
      "change_message": ""
    }
  },
  {
    "model": "admin.logentry",
    "pk": 117,
    "fields": {
      "action_time": "2024-07-30T15:36:43.723Z",
      "user": 1,
      "content_type": 11,
      "object_id": "22",
      "object_repr": "OrderItem object (22)",
      "action_flag": 3,
      "change_message": ""
    }
  },
  {
    "model": "admin.logentry",
    "pk": 118,
    "fields": {
      "action_time": "2024-07-30T15:36:43.742Z",
      "user": 1,
      "content_type": 11,
      "object_id": "21",
      "object_repr": "OrderItem object (21)",
      "action_flag": 3,
      "change_message": ""
    }
  },
  {
    "model": "admin.logentry",
    "pk": 119,
    "fields": {
      "action_time": "2024-07-30T15:36:43.761Z",
      "user": 1,
      "content_type": 11,
      "object_id": "20",
      "object_repr": "OrderItem object (20)",
      "action_flag": 3,
      "change_message": ""
    }
  },
  {
    "model": "admin.logentry",
    "pk": 120,
    "fields": {
      "action_time": "2024-07-30T15:36:43.780Z",
      "user": 1,
      "content_type": 11,
      "object_id": "19",
      "object_repr": "OrderItem object (19)",
      "action_flag": 3,
      "change_message": ""
    }
  },
  {
    "model": "admin.logentry",
    "pk": 121,
    "fields": {
      "action_time": "2024-07-30T15:36:43.800Z",
      "user": 1,
      "content_type": 11,
      "object_id": "18",
      "object_repr": "OrderItem object (18)",
      "action_flag": 3,
      "change_message": ""
    }
  },
  {
    "model": "admin.logentry",
    "pk": 122,
    "fields": {
      "action_time": "2024-07-30T15:36:43.820Z",
      "user": 1,
      "content_type": 11,
      "object_id": "16",
      "object_repr": "OrderItem object (16)",
      "action_flag": 3,
      "change_message": ""
    }
  },
  {
    "model": "admin.logentry",
    "pk": 123,
    "fields": {
      "action_time": "2024-07-30T15:36:43.839Z",
      "user": 1,
      "content_type": 11,
      "object_id": "1",
      "object_repr": "OrderItem object (1)",
      "action_flag": 3,
      "change_message": ""
    }
  },
  {
    "model": "admin.logentry",
    "pk": 124,
    "fields": {
      "action_time": "2024-07-30T15:36:51.399Z",
      "user": 1,
      "content_type": 9,
      "object_id": "2",
      "object_repr": "Michał Cynarski",
      "action_flag": 3,
      "change_message": ""
    }
  },
  {
    "model": "admin.logentry",
    "pk": 125,
    "fields": {
      "action_time": "2024-07-30T15:36:51.431Z",
      "user": 1,
      "content_type": 9,
      "object_id": "1",
      "object_repr": "Michal",
      "action_flag": 3,
      "change_message": ""
    }
  },
  {
    "model": "admin.logentry",
    "pk": 126,
    "fields": {
      "action_time": "2024-07-30T15:37:12.996Z",
      "user": 1,
      "content_type": 10,
      "object_id": "6",
      "object_repr": "6",
      "action_flag": 3,
      "change_message": ""
    }
  },
  {
    "model": "admin.logentry",
    "pk": 127,
    "fields": {
      "action_time": "2024-07-30T15:37:13.028Z",
      "user": 1,
      "content_type": 10,
      "object_id": "5",
      "object_repr": "5",
      "action_flag": 3,
      "change_message": ""
    }
  },
  {
    "model": "admin.logentry",
    "pk": 128,
    "fields": {
      "action_time": "2024-07-30T15:37:13.051Z",
      "user": 1,
      "content_type": 10,
      "object_id": "4",
      "object_repr": "4",
      "action_flag": 3,
      "change_message": ""
    }
  },
  {
    "model": "admin.logentry",
    "pk": 129,
    "fields": {
      "action_time": "2024-07-30T15:37:13.071Z",
      "user": 1,
      "content_type": 10,
      "object_id": "3",
      "object_repr": "3",
      "action_flag": 3,
      "change_message": ""
    }
  },
  {
    "model": "admin.logentry",
    "pk": 130,
    "fields": {
      "action_time": "2024-07-30T15:37:13.092Z",
      "user": 1,
      "content_type": 10,
      "object_id": "2",
      "object_repr": "2",
      "action_flag": 3,
      "change_message": ""
    }
  },
  {
    "model": "admin.logentry",
    "pk": 131,
    "fields": {
      "action_time": "2024-08-03T11:38:39.463Z",
      "user": 1,
      "content_type": 7,
      "object_id": "111",
      "object_repr": "Armani - Acqua di Giò Profondo",
      "action_flag": 3,
      "change_message": ""
    }
  },
  {
    "model": "admin.logentry",
    "pk": 132,
    "fields": {
      "action_time": "2024-08-03T11:44:15.926Z",
      "user": 1,
      "content_type": 7,
      "object_id": "139",
      "object_repr": "GIVENCHY - Gentleman Givenchy",
      "action_flag": 3,
      "change_message": ""
    }
  },
  {
    "model": "admin.logentry",
    "pk": 133,
    "fields": {
      "action_time": "2024-08-03T11:44:43.180Z",
      "user": 1,
      "content_type": 7,
      "object_id": "143",
      "object_repr": "Dolce&Gabbana - K by Dolce & Gabbana",
      "action_flag": 3,
      "change_message": ""
    }
  },
  {
    "model": "admin.logentry",
    "pk": 134,
    "fields": {
      "action_time": "2024-08-03T11:44:51.717Z",
      "user": 1,
      "content_type": 7,
      "object_id": "151",
      "object_repr": "GUERLAIN - Habit Rouge Parfum",
      "action_flag": 3,
      "change_message": ""
    }
  },
  {
    "model": "admin.logentry",
    "pk": 135,
    "fields": {
      "action_time": "2024-08-03T11:45:30.646Z",
      "user": 1,
      "content_type": 7,
      "object_id": "159",
      "object_repr": "Valentino - Uomo",
      "action_flag": 3,
      "change_message": ""
    }
  },
  {
    "model": "admin.logentry",
    "pk": 136,
    "fields": {
      "action_time": "2024-08-03T11:45:56.084Z",
      "user": 1,
      "content_type": 7,
      "object_id": "198",
      "object_repr": "Dolce&Gabbana - The One for Men",
      "action_flag": 3,
      "change_message": ""
    }
  },
  {
    "model": "admin.logentry",
    "pk": 137,
    "fields": {
      "action_time": "2024-08-03T11:46:05.206Z",
      "user": 1,
      "content_type": 7,
      "object_id": "180",
      "object_repr": "Yves Saint Laurent - Y L´Elixir",
      "action_flag": 3,
      "change_message": ""
    }
  },
  {
    "model": "admin.logentry",
    "pk": 138,
    "fields": {
      "action_time": "2024-08-03T11:48:38.612Z",
      "user": 1,
      "content_type": 7,
      "object_id": "209",
      "object_repr": "Valentino - Born In Roma Rockstud Noir",
      "action_flag": 3,
      "change_message": ""
    }
  },
  {
    "model": "admin.logentry",
    "pk": 139,
    "fields": {
      "action_time": "2024-08-03T11:49:01.822Z",
      "user": 1,
      "content_type": 7,
      "object_id": "222",
      "object_repr": "Viktor & Rolf - Spicebomb Night Vision",
      "action_flag": 3,
      "change_message": ""
    }
  },
  {
    "model": "auth.permission",
    "pk": 1,
    "fields": {
      "name": "Can add log entry",
      "content_type": 1,
      "codename": "add_logentry"
    }
  },
  {
    "model": "auth.permission",
    "pk": 2,
    "fields": {
      "name": "Can change log entry",
      "content_type": 1,
      "codename": "change_logentry"
    }
  },
  {
    "model": "auth.permission",
    "pk": 3,
    "fields": {
      "name": "Can delete log entry",
      "content_type": 1,
      "codename": "delete_logentry"
    }
  },
  {
    "model": "auth.permission",
    "pk": 4,
    "fields": {
      "name": "Can view log entry",
      "content_type": 1,
      "codename": "view_logentry"
    }
  },
  {
    "model": "auth.permission",
    "pk": 5,
    "fields": {
      "name": "Can add permission",
      "content_type": 2,
      "codename": "add_permission"
    }
  },
  {
    "model": "auth.permission",
    "pk": 6,
    "fields": {
      "name": "Can change permission",
      "content_type": 2,
      "codename": "change_permission"
    }
  },
  {
    "model": "auth.permission",
    "pk": 7,
    "fields": {
      "name": "Can delete permission",
      "content_type": 2,
      "codename": "delete_permission"
    }
  },
  {
    "model": "auth.permission",
    "pk": 8,
    "fields": {
      "name": "Can view permission",
      "content_type": 2,
      "codename": "view_permission"
    }
  },
  {
    "model": "auth.permission",
    "pk": 9,
    "fields": {
      "name": "Can add group",
      "content_type": 3,
      "codename": "add_group"
    }
  },
  {
    "model": "auth.permission",
    "pk": 10,
    "fields": {
      "name": "Can change group",
      "content_type": 3,
      "codename": "change_group"
    }
  },
  {
    "model": "auth.permission",
    "pk": 11,
    "fields": {
      "name": "Can delete group",
      "content_type": 3,
      "codename": "delete_group"
    }
  },
  {
    "model": "auth.permission",
    "pk": 12,
    "fields": {
      "name": "Can view group",
      "content_type": 3,
      "codename": "view_group"
    }
  },
  {
    "model": "auth.permission",
    "pk": 13,
    "fields": {
      "name": "Can add user",
      "content_type": 4,
      "codename": "add_user"
    }
  },
  {
    "model": "auth.permission",
    "pk": 14,
    "fields": {
      "name": "Can change user",
      "content_type": 4,
      "codename": "change_user"
    }
  },
  {
    "model": "auth.permission",
    "pk": 15,
    "fields": {
      "name": "Can delete user",
      "content_type": 4,
      "codename": "delete_user"
    }
  },
  {
    "model": "auth.permission",
    "pk": 16,
    "fields": {
      "name": "Can view user",
      "content_type": 4,
      "codename": "view_user"
    }
  },
  {
    "model": "auth.permission",
    "pk": 17,
    "fields": {
      "name": "Can add content type",
      "content_type": 5,
      "codename": "add_contenttype"
    }
  },
  {
    "model": "auth.permission",
    "pk": 18,
    "fields": {
      "name": "Can change content type",
      "content_type": 5,
      "codename": "change_contenttype"
    }
  },
  {
    "model": "auth.permission",
    "pk": 19,
    "fields": {
      "name": "Can delete content type",
      "content_type": 5,
      "codename": "delete_contenttype"
    }
  },
  {
    "model": "auth.permission",
    "pk": 20,
    "fields": {
      "name": "Can view content type",
      "content_type": 5,
      "codename": "view_contenttype"
    }
  },
  {
    "model": "auth.permission",
    "pk": 21,
    "fields": {
      "name": "Can add session",
      "content_type": 6,
      "codename": "add_session"
    }
  },
  {
    "model": "auth.permission",
    "pk": 22,
    "fields": {
      "name": "Can change session",
      "content_type": 6,
      "codename": "change_session"
    }
  },
  {
    "model": "auth.permission",
    "pk": 23,
    "fields": {
      "name": "Can delete session",
      "content_type": 6,
      "codename": "delete_session"
    }
  },
  {
    "model": "auth.permission",
    "pk": 24,
    "fields": {
      "name": "Can view session",
      "content_type": 6,
      "codename": "view_session"
    }
  },
  {
    "model": "auth.permission",
    "pk": 25,
    "fields": {
      "name": "Can add perfume",
      "content_type": 7,
      "codename": "add_perfume"
    }
  },
  {
    "model": "auth.permission",
    "pk": 26,
    "fields": {
      "name": "Can change perfume",
      "content_type": 7,
      "codename": "change_perfume"
    }
  },
  {
    "model": "auth.permission",
    "pk": 27,
    "fields": {
      "name": "Can delete perfume",
      "content_type": 7,
      "codename": "delete_perfume"
    }
  },
  {
    "model": "auth.permission",
    "pk": 28,
    "fields": {
      "name": "Can view perfume",
      "content_type": 7,
      "codename": "view_perfume"
    }
  },
  {
    "model": "auth.permission",
    "pk": 29,
    "fields": {
      "name": "Can add shipping address",
      "content_type": 8,
      "codename": "add_shippingaddress"
    }
  },
  {
    "model": "auth.permission",
    "pk": 30,
    "fields": {
      "name": "Can change shipping address",
      "content_type": 8,
      "codename": "change_shippingaddress"
    }
  },
  {
    "model": "auth.permission",
    "pk": 31,
    "fields": {
      "name": "Can delete shipping address",
      "content_type": 8,
      "codename": "delete_shippingaddress"
    }
  },
  {
    "model": "auth.permission",
    "pk": 32,
    "fields": {
      "name": "Can view shipping address",
      "content_type": 8,
      "codename": "view_shippingaddress"
    }
  },
  {
    "model": "auth.permission",
    "pk": 33,
    "fields": {
      "name": "Can add customer",
      "content_type": 9,
      "codename": "add_customer"
    }
  },
  {
    "model": "auth.permission",
    "pk": 34,
    "fields": {
      "name": "Can change customer",
      "content_type": 9,
      "codename": "change_customer"
    }
  },
  {
    "model": "auth.permission",
    "pk": 35,
    "fields": {
      "name": "Can delete customer",
      "content_type": 9,
      "codename": "delete_customer"
    }
  },
  {
    "model": "auth.permission",
    "pk": 36,
    "fields": {
      "name": "Can view customer",
      "content_type": 9,
      "codename": "view_customer"
    }
  },
  {
    "model": "auth.permission",
    "pk": 37,
    "fields": {
      "name": "Can add order",
      "content_type": 10,
      "codename": "add_order"
    }
  },
  {
    "model": "auth.permission",
    "pk": 38,
    "fields": {
      "name": "Can change order",
      "content_type": 10,
      "codename": "change_order"
    }
  },
  {
    "model": "auth.permission",
    "pk": 39,
    "fields": {
      "name": "Can delete order",
      "content_type": 10,
      "codename": "delete_order"
    }
  },
  {
    "model": "auth.permission",
    "pk": 40,
    "fields": {
      "name": "Can view order",
      "content_type": 10,
      "codename": "view_order"
    }
  },
  {
    "model": "auth.permission",
    "pk": 41,
    "fields": {
      "name": "Can add order item",
      "content_type": 11,
      "codename": "add_orderitem"
    }
  },
  {
    "model": "auth.permission",
    "pk": 42,
    "fields": {
      "name": "Can change order item",
      "content_type": 11,
      "codename": "change_orderitem"
    }
  },
  {
    "model": "auth.permission",
    "pk": 43,
    "fields": {
      "name": "Can delete order item",
      "content_type": 11,
      "codename": "delete_orderitem"
    }
  },
  {
    "model": "auth.permission",
    "pk": 44,
    "fields": {
      "name": "Can view order item",
      "content_type": 11,
      "codename": "view_orderitem"
    }
  },
  {
    "model": "auth.permission",
    "pk": 45,
    "fields": {
      "name": "Can add detail",
      "content_type": 12,
      "codename": "add_detail"
    }
  },
  {
    "model": "auth.permission",
    "pk": 46,
    "fields": {
      "name": "Can change detail",
      "content_type": 12,
      "codename": "change_detail"
    }
  },
  {
    "model": "auth.permission",
    "pk": 47,
    "fields": {
      "name": "Can delete detail",
      "content_type": 12,
      "codename": "delete_detail"
    }
  },
  {
    "model": "auth.permission",
    "pk": 48,
    "fields": {
      "name": "Can view detail",
      "content_type": 12,
      "codename": "view_detail"
    }
  },
  {
    "model": "auth.user",
    "pk": 1,
    "fields": {
      "password": "pbkdf2_sha256$720000$TwVBzxRGUVcKm4fg2CuA1Y$0WubiEeRcgkIDxxtNXHD+xrfBmjXM6HhCG83oCRzrtc=",
      "last_login": "2024-08-03T10:54:05.575Z",
      "is_superuser": true,
      "username": "michal",
      "first_name": "",
      "last_name": "",
      "email": "michal@michal.com",
      "is_staff": true,
      "is_active": true,
      "date_joined": "2024-06-14T16:56:59.365Z",
      "groups": [],
      "user_permissions": []
    }
  },
  {
    "model": "contenttypes.contenttype",
    "pk": 1,
    "fields": { "app_label": "admin", "model": "logentry" }
  },
  {
    "model": "contenttypes.contenttype",
    "pk": 2,
    "fields": { "app_label": "auth", "model": "permission" }
  },
  {
    "model": "contenttypes.contenttype",
    "pk": 3,
    "fields": { "app_label": "auth", "model": "group" }
  },
  {
    "model": "contenttypes.contenttype",
    "pk": 4,
    "fields": { "app_label": "auth", "model": "user" }
  },
  {
    "model": "contenttypes.contenttype",
    "pk": 5,
    "fields": { "app_label": "contenttypes", "model": "contenttype" }
  },
  {
    "model": "contenttypes.contenttype",
    "pk": 6,
    "fields": { "app_label": "sessions", "model": "session" }
  },
  {
    "model": "contenttypes.contenttype",
    "pk": 7,
    "fields": { "app_label": "perfumeshop", "model": "perfume" }
  },
  {
    "model": "contenttypes.contenttype",
    "pk": 8,
    "fields": { "app_label": "perfumeshop", "model": "shippingaddress" }
  },
  {
    "model": "contenttypes.contenttype",
    "pk": 9,
    "fields": { "app_label": "perfumeshop", "model": "customer" }
  },
  {
    "model": "contenttypes.contenttype",
    "pk": 10,
    "fields": { "app_label": "perfumeshop", "model": "order" }
  },
  {
    "model": "contenttypes.contenttype",
    "pk": 11,
    "fields": { "app_label": "perfumeshop", "model": "orderitem" }
  },
  {
    "model": "contenttypes.contenttype",
    "pk": 12,
    "fields": { "app_label": "perfumeshop", "model": "detail" }
  },
  {
    "model": "sessions.session",
    "pk": "0bgf3ht04ayxfx73hw1satpncr9k801d",
    "fields": {
      "session_data": ".eJxVjDsOwjAQBe_iGln-Zm1K-pzB2rUXHECOFCcV4u4QKQW0b2beSyTc1pq2zkuaijgLLU6_G2F-cNtBuWO7zTLPbV0mkrsiD9rlOBd-Xg7376Bir9_as7PRWMwagnY6WzdQjoGCgmshJhOtAoDBBk8abSg5OlKmMEMAZbx4fwDF5Dcb:1sWNHu:9q9e29752AkrgIYSrhw6oBLkf-jgZdaj3w8zBR_e-ko",
      "expire_date": "2024-08-06T21:43:14.422Z"
    }
  },
  {
    "model": "sessions.session",
    "pk": "0pmyp2dsw8cvyrfgxosgxb65tg618kq0",
    "fields": {
      "session_data": ".eJxVjDsOwjAQBe_iGln-Zm1K-pzB2rUXHECOFCcV4u4QKQW0b2beSyTc1pq2zkuaijgLLU6_G2F-cNtBuWO7zTLPbV0mkrsiD9rlOBd-Xg7376Bir9_as7PRWMwagnY6WzdQjoGCgmshJhOtAoDBBk8abSg5OlKmMEMAZbx4fwDF5Dcb:1sWIq3:Xvr7B220EUWbcTp11mUWrAOaKdlXEbDeuTKjveOwg70",
      "expire_date": "2024-08-06T16:58:11.530Z"
    }
  },
  {
    "model": "sessions.session",
    "pk": "0zgxu3blnii7foyt809j7tdta4aqnekq",
    "fields": {
      "session_data": ".eJxVjMEOwiAQBf-FsyFAgQWP3v0GsrAgVQNJaU_Gf9cmPej1zcx7sYDbWsM28hJmYmcm2el3i5geue2A7thunafe1mWOfFf4QQe_dsrPy-H-HVQc9VsbH7VNVKzVAJCNlBNCicUmgUJqI7wrystJggKlDYAigUq5go4Qk2fvD8NiNxY:1sVwm4:07zjAtxhNPGoCqjreCJ8hdF_CnRd67MPJsuY336R8G8",
      "expire_date": "2024-08-05T17:24:36.197Z"
    }
  },
  {
    "model": "sessions.session",
    "pk": "8eccyv3agpiwo8ghruxpvdjz5rypijf4",
    "fields": {
      "session_data": ".eJxVjEEOgjAQRe_StWmYzkCpS_eeoRk6U0FNSSisjHdXEha6_e-9_zKRt3WMW9UlTmLOBszpdxs4PbTsQO5cbrNNc1mXabC7Yg9a7XUWfV4O9-9g5Dp-az9g1iQdUuPaLpBDZsbgRREgd6TQZ_KsokIut4LYByACDU0g78C8P992N0g:1saCOj:1zNfsOC73IvDl5dPWrTD2GbHUnUuJkC_Zt12Rh4rFXI",
      "expire_date": "2024-08-17T10:54:05.593Z"
    }
  },
  {
    "model": "sessions.session",
    "pk": "9v5ezf6py67rb8osospfv74ctripg1m8",
    "fields": {
      "session_data": ".eJxVjMEOwiAQBf-FsyFAgQWP3v0GsrAgVQNJaU_Gf9cmPej1zcx7sYDbWsM28hJmYmcm2el3i5geue2A7thunafe1mWOfFf4QQe_dsrPy-H-HVQc9VsbH7VNVKzVAJCNlBNCicUmgUJqI7wrystJggKlDYAigUq5go4Qk2fvD8NiNxY:1sVvhQ:YUoyG6j2hb_Bp6rJjMOXoG0oDe9VVWOiNAM4Hh98TVc",
      "expire_date": "2024-08-05T16:15:44.804Z"
    }
  },
  {
    "model": "sessions.session",
    "pk": "ahq39mru81pd7wcmkyzzt00ikokbup2r",
    "fields": {
      "session_data": ".eJxVjEEOgjAQRe_StWmYzkCpS_eeoRk6U0FNSSisjHdXEha6_e-9_zKRt3WMW9UlTmLOBszpdxs4PbTsQO5cbrNNc1mXabC7Yg9a7XUWfV4O9-9g5Dp-az9g1iQdUuPaLpBDZsbgRREgd6TQZ_KsokIut4LYByACDU0g78C8P992N0g:1sWWA0:73DS0n9qWDycGNYfQLvtWjMUb4E2xy-l8p65WrZEWG0",
      "expire_date": "2024-08-07T07:11:40.575Z"
    }
  },
  {
    "model": "sessions.session",
    "pk": "b7n22ftcjr3k8hfqcy5h42w6kr83usp8",
    "fields": {
      "session_data": ".eJxVjDsOwjAQBe_iGln-Zm1K-pzB2rUXHECOFCcV4u4QKQW0b2beSyTc1pq2zkuaijgLLU6_G2F-cNtBuWO7zTLPbV0mkrsiD9rlOBd-Xg7376Bir9_as7PRWMwagnY6WzdQjoGCgmshJhOtAoDBBk8abSg5OlKmMEMAZbx4fwDF5Dcb:1sWMb2:-QnGdim5bV00HPPRCYBAnAp3c0Wfwxa8TkUZn-cVKbE",
      "expire_date": "2024-08-06T20:58:56.115Z"
    }
  },
  {
    "model": "sessions.session",
    "pk": "dowepxgi2anscbivph3z00arkrr9rapl",
    "fields": {
      "session_data": ".eJxVjMEOwiAQBf-FsyFAgQWP3v0GsrAgVQNJaU_Gf9cmPej1zcx7sYDbWsM28hJmYmcm2el3i5geue2A7thunafe1mWOfFf4QQe_dsrPy-H-HVQc9VsbH7VNVKzVAJCNlBNCicUmgUJqI7wrystJggKlDYAigUq5go4Qk2fvD8NiNxY:1sVXWl:bPs5i1H7rScNaYyWSprs0F4YW9oOtpy27vCW7nmO0xk",
      "expire_date": "2024-08-04T14:27:07.612Z"
    }
  },
  {
    "model": "sessions.session",
    "pk": "firtrhu96poer4r6lebv35cu2cr5u3o6",
    "fields": {
      "session_data": ".eJxVjDsOwjAQBe_iGln-Zm1K-pzB2rUXHECOFCcV4u4QKQW0b2beSyTc1pq2zkuaijgLLU6_G2F-cNtBuWO7zTLPbV0mkrsiD9rlOBd-Xg7376Bir9_as7PRWMwagnY6WzdQjoGCgmshJhOtAoDBBk8abSg5OlKmMEMAZbx4fwDF5Dcb:1sWIZF:AgfrwQcXxrq_fO83zW48B7Pl4g1RxIrksmd4_n2Xec0",
      "expire_date": "2024-08-06T16:40:49.683Z"
    }
  },
  {
    "model": "sessions.session",
    "pk": "h977ad3rqb1sv7eq0eashy3i67u3ao70",
    "fields": {
      "session_data": ".eJxVjMEOwiAQBf-FsyFAgQWP3v0GsrAgVQNJaU_Gf9cmPej1zcx7sYDbWsM28hJmYmcm2el3i5geue2A7thunafe1mWOfFf4QQe_dsrPy-H-HVQc9VsbH7VNVKzVAJCNlBNCicUmgUJqI7wrystJggKlDYAigUq5go4Qk2fvD8NiNxY:1sL8nU:Zxbad5kQGYExIw5-3aAKsGX6ZUlhiqS5xnTgJmgumBQ",
      "expire_date": "2024-07-06T22:01:24.019Z"
    }
  },
  {
    "model": "sessions.session",
    "pk": "k7ofzpkqk0bckn2jpdc1bkpa8759tja9",
    "fields": {
      "session_data": ".eJxVjDsOwjAQBe_iGln-Zm1K-pzB2rUXHECOFCcV4u4QKQW0b2beSyTc1pq2zkuaijgLLU6_G2F-cNtBuWO7zTLPbV0mkrsiD9rlOBd-Xg7376Bir9_as7PRWMwagnY6WzdQjoGCgmshJhOtAoDBBk8abSg5OlKmMEMAZbx4fwDF5Dcb:1sWIrv:KCo6DPWolqtpVrsL26t-lojgn6xcFHBejBLo8GQJdkY",
      "expire_date": "2024-08-06T17:00:07.885Z"
    }
  },
  {
    "model": "sessions.session",
    "pk": "kaeikhci1ef8qih9iaw80a4on7jnm0ci",
    "fields": {
      "session_data": ".eJxVjMEOwiAQBf-FsyFAgQWP3v0GsrAgVQNJaU_Gf9cmPej1zcx7sYDbWsM28hJmYmcm2el3i5geue2A7thunafe1mWOfFf4QQe_dsrPy-H-HVQc9VsbH7VNVKzVAJCNlBNCicUmgUJqI7wrystJggKlDYAigUq5go4Qk2fvD8NiNxY:1sLphg:jh1vFjJgPJvmnXu_HeSrHDhy8WgG0t_c3eLnzfhRG-E",
      "expire_date": "2024-07-08T19:50:16.189Z"
    }
  },
  {
    "model": "sessions.session",
    "pk": "kelh02o34b37dsw0fs6t7u3nggbszx2q",
    "fields": {
      "session_data": ".eJxVjEEOgjAQRe_StWmYzkCpS_eeoRk6U0FNSSisjHdXEha6_e-9_zKRt3WMW9UlTmLOBszpdxs4PbTsQO5cbrNNc1mXabC7Yg9a7XUWfV4O9-9g5Dp-az9g1iQdUuPaLpBDZsbgRREgd6TQZ_KsokIut4LYByACDU0g78C8P992N0g:1sWZat:8kjVLSSTvw3uZCQB-Pnj2ICvvKm46w7glYtjquQzXDI",
      "expire_date": "2024-08-07T10:51:39.499Z"
    }
  },
  {
    "model": "sessions.session",
    "pk": "mlohucxkw30qlm3urzp8akoecxdiqbgj",
    "fields": {
      "session_data": ".eJxVjDsOwjAQBe_iGln-Zm1K-pzB2rUXHECOFCcV4u4QKQW0b2beSyTc1pq2zkuaijgLLU6_G2F-cNtBuWO7zTLPbV0mkrsiD9rlOBd-Xg7376Bir9_as7PRWMwagnY6WzdQjoGCgmshJhOtAoDBBk8abSg5OlKmMEMAZbx4fwDF5Dcb:1sWMjC:IPTcisvtE4cWn0AqlqikODKUg2NNbDdnAytkpO0Dv8Q",
      "expire_date": "2024-08-06T21:07:22.942Z"
    }
  },
  {
    "model": "sessions.session",
    "pk": "r07f5vh0h1ljl3tolhgt2xpdixqvsw36",
    "fields": {
      "session_data": ".eJxVjEEOgjAQRe_StWmYzkCpS_eeoRk6U0FNSSisjHdXEha6_e-9_zKRt3WMW9UlTmLOBszpdxs4PbTsQO5cbrNNc1mXabC7Yg9a7XUWfV4O9-9g5Dp-az9g1iQdUuPaLpBDZsbgRREgd6TQZ_KsokIut4LYByACDU0g78C8P992N0g:1sWYug:OhNU2_-b0Qp3OIJ12Awo4dpuT9dD8nAJ-nHWecF3L88",
      "expire_date": "2024-08-07T10:08:02.416Z"
    }
  },
  {
    "model": "sessions.session",
    "pk": "r2tsbzpkaf769cwot47cqot61lkbnv10",
    "fields": {
      "session_data": ".eJxVjEEOgjAQRe_StWmYzkCpS_eeoRk6U0FNSSisjHdXEha6_e-9_zKRt3WMW9UlTmLOBszpdxs4PbTsQO5cbrNNc1mXabC7Yg9a7XUWfV4O9-9g5Dp-az9g1iQdUuPaLpBDZsbgRREgd6TQZ_KsokIut4LYByACDU0g78C8P992N0g:1sWcnk:4-oS5DdCfBtdbpVi4TrzlWaYysa3nGlurI35emIpigU",
      "expire_date": "2024-08-07T14:17:08.826Z"
    }
  },
  {
    "model": "sessions.session",
    "pk": "txrriqdg6uu7s2x1738rccstc9lwxw33",
    "fields": {
      "session_data": ".eJxVjMEOwiAQBf-FsyFAgQWP3v0GsrAgVQNJaU_Gf9cmPej1zcx7sYDbWsM28hJmYmcm2el3i5geue2A7thunafe1mWOfFf4QQe_dsrPy-H-HVQc9VsbH7VNVKzVAJCNlBNCicUmgUJqI7wrystJggKlDYAigUq5go4Qk2fvD8NiNxY:1sIAEr:-6ieRGo79r3zpdQM7GUgKYL-75pmcz1pvJX8KqC5Cvc",
      "expire_date": "2024-06-28T16:57:21.364Z"
    }
  },
  {
    "model": "sessions.session",
    "pk": "url7tbo83hh0jes7horznwv8ig1eg078",
    "fields": {
      "session_data": ".eJxVjEEOgjAQRe_StWmYzkCpS_eeoRk6U0FNSSisjHdXEha6_e-9_zKRt3WMW9UlTmLOBszpdxs4PbTsQO5cbrNNc1mXabC7Yg9a7XUWfV4O9-9g5Dp-az9g1iQdUuPaLpBDZsbgRREgd6TQZ_KsokIut4LYByACDU0g78C8P992N0g:1sYokE:GFMFoQmSTmTJfo4HiyLizr8bcmZdlHGlAyD9HA34dg4",
      "expire_date": "2024-08-13T15:26:34.943Z"
    }
  },
  {
    "model": "sessions.session",
    "pk": "w9khrj4zv96smv9rhc1duy8x324a1ptf",
    "fields": {
      "session_data": ".eJxVjEEOgjAQRe_StWmYzkCpS_eeoRk6U0FNSSisjHdXEha6_e-9_zKRt3WMW9UlTmLOBszpdxs4PbTsQO5cbrNNc1mXabC7Yg9a7XUWfV4O9-9g5Dp-az9g1iQdUuPaLpBDZsbgRREgd6TQZ_KsokIut4LYByACDU0g78C8P992N0g:1sWW7j:GqbGbNH9FdyNta_F0o844a6S_jKBMHTHWaC1iZ7hYWc",
      "expire_date": "2024-08-07T07:09:19.026Z"
    }
  },
  {
    "model": "sessions.session",
    "pk": "y6oegeev44iy09clfo5gnue51gscv6bz",
    "fields": {
      "session_data": ".eJxVjEEOgjAQRe_StWmYzkCpS_eeoRk6U0FNSSisjHdXEha6_e-9_zKRt3WMW9UlTmLOBszpdxs4PbTsQO5cbrNNc1mXabC7Yg9a7XUWfV4O9-9g5Dp-az9g1iQdUuPaLpBDZsbgRREgd6TQZ_KsokIut4LYByACDU0g78C8P992N0g:1sWhpQ:LvRQZTiPBhu6OI2Gwp5_sfyI8ITYCObluPo7C_rqqbc",
      "expire_date": "2024-08-07T19:39:12.219Z"
    }
  },
  {
    "model": "sessions.session",
    "pk": "yr4x5vfx2rz2688a8ozxzqmqymjokz8q",
    "fields": {
      "session_data": ".eJxVjEEOgjAQRe_StWmYzkCpS_eeoRk6U0FNSSisjHdXEha6_e-9_zKRt3WMW9UlTmLOBszpdxs4PbTsQO5cbrNNc1mXabC7Yg9a7XUWfV4O9-9g5Dp-az9g1iQdUuPaLpBDZsbgRREgd6TQZ_KsokIut4LYByACDU0g78C8P992N0g:1sWVmB:CU7_zndouTcVD6G0jsdeDOcsmyxrFcawbdWmJ4x9y0g",
      "expire_date": "2024-08-07T06:47:03.819Z"
    }
  },
  {
    "model": "sessions.session",
    "pk": "z19jmi570azzo04xxogxryv8lkcfxzta",
    "fields": {
      "session_data": ".eJxVjDsOwjAQBe_iGln-Zm1K-pzB2rUXHECOFCcV4u4QKQW0b2beSyTc1pq2zkuaijgLLU6_G2F-cNtBuWO7zTLPbV0mkrsiD9rlOBd-Xg7376Bir9_as7PRWMwagnY6WzdQjoGCgmshJhOtAoDBBk8abSg5OlKmMEMAZbx4fwDF5Dcb:1sWMrv:A9qEDbVFlsOGX9_OX1a88ncBhU5GWOVD9AtZqdbz7SY",
      "expire_date": "2024-08-06T21:16:23.084Z"
    }
  }
]
